{
    "scan_id": "34da4581-ba80-4926-9210-0b9075a3a623",
    "status": "completed",
    "metadata": {
        "tools": [
            "git",
            "trivy",
            "python_reachability",
            "route_extractor"
        ],
        "repo_url": "https://github.com/ihrishikesh0896/vulnreach.git",
        "repo_path": null
    },
    "created_at": "2026-02-22T19:36:32.156903+05:30",
    "vulnerabilities": [
        {
            "package": "Flask",
            "cve_id": "{CVE-2023-30861,CVE-2026-27205}",
            "severity": "HIGH",
            "version": "2.0.1",
            "fix_version": "3.1.3"
        },
        {
            "package": "Jinja2",
            "cve_id": "{CVE-2024-22195,CVE-2024-34064,CVE-2024-56326,CVE-2025-27516}",
            "severity": "MEDIUM",
            "version": "2.11.3",
            "fix_version": "3.1.6"
        },
        {
            "package": "Pillow",
            "cve_id": "{CVE-2021-23437,CVE-2021-34552,CVE-2022-22815,CVE-2022-22816,CVE-2022-22817,CVE-2022-24303,CVE-2022-45198,CVE-2023-44271,CVE-2023-4863,CVE-2023-50447,CVE-2024-28219,GHSA-4fx9-vc88-q2xc}",
            "severity": "CRITICAL",
            "version": "8.2.0",
            "fix_version": "10.3.0"
        },
        {
            "package": "PyJWT",
            "cve_id": "{CVE-2022-29217}",
            "severity": "HIGH",
            "version": "1.7.1",
            "fix_version": "2.4.0"
        },
        {
            "package": "Werkzeug",
            "cve_id": "{CVE-2023-23934,CVE-2023-25577,CVE-2023-46136,CVE-2024-34069,CVE-2024-49766,CVE-2024-49767,CVE-2025-66221,CVE-2026-21860,CVE-2026-27199}",
            "severity": "HIGH",
            "version": "2.0.1",
            "fix_version": "3.1.6"
        },
        {
            "package": "certifi",
            "cve_id": "{CVE-2022-23491,CVE-2023-37920}",
            "severity": "HIGH",
            "version": "2020.12.5",
            "fix_version": "2023.7.22"
        },
        {
            "package": "cryptography",
            "cve_id": "{CVE-2023-0286,CVE-2023-23931,CVE-2023-49083,CVE-2023-50782,CVE-2024-0727,CVE-2026-26007,GHSA-5cpq-8wj7-hf2v,GHSA-jm77-qphf-c4w8,GHSA-v8gr-m533-ghj9}",
            "severity": "HIGH",
            "version": "3.4.8",
            "fix_version": "46.0.5"
        },
        {
            "package": "lxml",
            "cve_id": "{CVE-2021-43818,CVE-2022-2309}",
            "severity": "MEDIUM",
            "version": "4.6.3",
            "fix_version": "4.9.1"
        },
        {
            "package": "numpy",
            "cve_id": "{CVE-2021-33430,CVE-2021-34141}",
            "severity": "MEDIUM",
            "version": "1.20.3",
            "fix_version": "1.22"
        },
        {
            "package": "requests",
            "cve_id": "{CVE-2023-32681,CVE-2024-35195,CVE-2024-47081}",
            "severity": "MEDIUM",
            "version": "2.25.1",
            "fix_version": "2.32.4"
        },
        {
            "package": "urllib3",
            "cve_id": "{CVE-2023-43804,CVE-2023-45803,CVE-2024-37891,CVE-2025-50181,CVE-2025-66418,CVE-2025-66471,CVE-2026-21441}",
            "severity": "HIGH",
            "version": "1.26.5",
            "fix_version": "2.6.3"
        }
    ],
    "reachability": [
        {
            "cve_id": "CVE-2023-30861",
            "package": "Flask",
            "import_detected": true,
            "call_chain_exists": true,
            "sink_reachable": true,
            "verdict": "CONFIRMED",
            "file": null,
            "function": null,
            "sink": null,
            "confidence": "0.1"
        },
        {
            "cve_id": "CVE-2026-27205",
            "package": "Flask",
            "import_detected": true,
            "call_chain_exists": true,
            "sink_reachable": true,
            "verdict": "CONFIRMED",
            "file": null,
            "function": null,
            "sink": null,
            "confidence": "0.1"
        },
        {
            "cve_id": "CVE-2024-22195",
            "package": "Jinja2",
            "import_detected": false,
            "call_chain_exists": false,
            "sink_reachable": false,
            "verdict": "NOT_OBSERVED",
            "file": null,
            "function": null,
            "sink": null,
            "confidence": "0.1"
        },
        {
            "cve_id": "CVE-2024-34064",
            "package": "Jinja2",
            "import_detected": false,
            "call_chain_exists": false,
            "sink_reachable": false,
            "verdict": "NOT_OBSERVED",
            "file": null,
            "function": null,
            "sink": null,
            "confidence": "0.1"
        },
        {
            "cve_id": "CVE-2024-56326",
            "package": "Jinja2",
            "import_detected": false,
            "call_chain_exists": false,
            "sink_reachable": false,
            "verdict": "NOT_OBSERVED",
            "file": null,
            "function": null,
            "sink": null,
            "confidence": "0.1"
        },
        {
            "cve_id": "CVE-2025-27516",
            "package": "Jinja2",
            "import_detected": false,
            "call_chain_exists": false,
            "sink_reachable": false,
            "verdict": "NOT_OBSERVED",
            "file": null,
            "function": null,
            "sink": null,
            "confidence": "0.1"
        },
        {
            "cve_id": "CVE-2021-23437",
            "package": "Pillow",
            "import_detected": false,
            "call_chain_exists": false,
            "sink_reachable": false,
            "verdict": "NOT_OBSERVED",
            "file": null,
            "function": null,
            "sink": null,
            "confidence": "0.1"
        },
        {
            "cve_id": "CVE-2021-34552",
            "package": "Pillow",
            "import_detected": false,
            "call_chain_exists": false,
            "sink_reachable": false,
            "verdict": "NOT_OBSERVED",
            "file": null,
            "function": null,
            "sink": null,
            "confidence": "0.1"
        },
        {
            "cve_id": "CVE-2022-22815",
            "package": "Pillow",
            "import_detected": false,
            "call_chain_exists": false,
            "sink_reachable": false,
            "verdict": "NOT_OBSERVED",
            "file": null,
            "function": null,
            "sink": null,
            "confidence": "0.1"
        },
        {
            "cve_id": "CVE-2022-22816",
            "package": "Pillow",
            "import_detected": false,
            "call_chain_exists": false,
            "sink_reachable": false,
            "verdict": "NOT_OBSERVED",
            "file": null,
            "function": null,
            "sink": null,
            "confidence": "0.1"
        },
        {
            "cve_id": "CVE-2022-22817",
            "package": "Pillow",
            "import_detected": false,
            "call_chain_exists": false,
            "sink_reachable": false,
            "verdict": "NOT_OBSERVED",
            "file": null,
            "function": null,
            "sink": null,
            "confidence": "0.1"
        },
        {
            "cve_id": "CVE-2022-24303",
            "package": "Pillow",
            "import_detected": false,
            "call_chain_exists": false,
            "sink_reachable": false,
            "verdict": "NOT_OBSERVED",
            "file": null,
            "function": null,
            "sink": null,
            "confidence": "0.1"
        },
        {
            "cve_id": "CVE-2022-45198",
            "package": "Pillow",
            "import_detected": false,
            "call_chain_exists": false,
            "sink_reachable": false,
            "verdict": "NOT_OBSERVED",
            "file": null,
            "function": null,
            "sink": null,
            "confidence": "0.1"
        },
        {
            "cve_id": "CVE-2023-44271",
            "package": "Pillow",
            "import_detected": false,
            "call_chain_exists": false,
            "sink_reachable": false,
            "verdict": "NOT_OBSERVED",
            "file": null,
            "function": null,
            "sink": null,
            "confidence": "0.1"
        },
        {
            "cve_id": "CVE-2023-4863",
            "package": "Pillow",
            "import_detected": false,
            "call_chain_exists": false,
            "sink_reachable": false,
            "verdict": "NOT_OBSERVED",
            "file": null,
            "function": null,
            "sink": null,
            "confidence": "0.1"
        },
        {
            "cve_id": "CVE-2023-50447",
            "package": "Pillow",
            "import_detected": false,
            "call_chain_exists": false,
            "sink_reachable": false,
            "verdict": "NOT_OBSERVED",
            "file": null,
            "function": null,
            "sink": null,
            "confidence": "0.1"
        },
        {
            "cve_id": "CVE-2024-28219",
            "package": "Pillow",
            "import_detected": false,
            "call_chain_exists": false,
            "sink_reachable": false,
            "verdict": "NOT_OBSERVED",
            "file": null,
            "function": null,
            "sink": null,
            "confidence": "0.1"
        },
        {
            "cve_id": "GHSA-4fx9-vc88-q2xc",
            "package": "Pillow",
            "import_detected": false,
            "call_chain_exists": false,
            "sink_reachable": false,
            "verdict": "NOT_OBSERVED",
            "file": null,
            "function": null,
            "sink": null,
            "confidence": "0.1"
        },
        {
            "cve_id": "CVE-2022-29217",
            "package": "PyJWT",
            "import_detected": false,
            "call_chain_exists": false,
            "sink_reachable": false,
            "verdict": "NOT_OBSERVED",
            "file": null,
            "function": null,
            "sink": null,
            "confidence": "0.1"
        },
        {
            "cve_id": "CVE-2023-23934",
            "package": "Werkzeug",
            "import_detected": false,
            "call_chain_exists": false,
            "sink_reachable": false,
            "verdict": "NOT_OBSERVED",
            "file": null,
            "function": null,
            "sink": null,
            "confidence": "0.1"
        },
        {
            "cve_id": "CVE-2023-25577",
            "package": "Werkzeug",
            "import_detected": false,
            "call_chain_exists": false,
            "sink_reachable": false,
            "verdict": "NOT_OBSERVED",
            "file": null,
            "function": null,
            "sink": null,
            "confidence": "0.1"
        },
        {
            "cve_id": "CVE-2023-46136",
            "package": "Werkzeug",
            "import_detected": false,
            "call_chain_exists": false,
            "sink_reachable": false,
            "verdict": "NOT_OBSERVED",
            "file": null,
            "function": null,
            "sink": null,
            "confidence": "0.1"
        },
        {
            "cve_id": "CVE-2024-34069",
            "package": "Werkzeug",
            "import_detected": false,
            "call_chain_exists": false,
            "sink_reachable": false,
            "verdict": "NOT_OBSERVED",
            "file": null,
            "function": null,
            "sink": null,
            "confidence": "0.1"
        },
        {
            "cve_id": "CVE-2024-49766",
            "package": "Werkzeug",
            "import_detected": false,
            "call_chain_exists": false,
            "sink_reachable": false,
            "verdict": "NOT_OBSERVED",
            "file": null,
            "function": null,
            "sink": null,
            "confidence": "0.1"
        },
        {
            "cve_id": "CVE-2024-49767",
            "package": "Werkzeug",
            "import_detected": false,
            "call_chain_exists": false,
            "sink_reachable": false,
            "verdict": "NOT_OBSERVED",
            "file": null,
            "function": null,
            "sink": null,
            "confidence": "0.1"
        },
        {
            "cve_id": "CVE-2025-66221",
            "package": "Werkzeug",
            "import_detected": false,
            "call_chain_exists": false,
            "sink_reachable": false,
            "verdict": "NOT_OBSERVED",
            "file": null,
            "function": null,
            "sink": null,
            "confidence": "0.1"
        },
        {
            "cve_id": "CVE-2026-21860",
            "package": "Werkzeug",
            "import_detected": false,
            "call_chain_exists": false,
            "sink_reachable": false,
            "verdict": "NOT_OBSERVED",
            "file": null,
            "function": null,
            "sink": null,
            "confidence": "0.1"
        },
        {
            "cve_id": "CVE-2026-27199",
            "package": "Werkzeug",
            "import_detected": false,
            "call_chain_exists": false,
            "sink_reachable": false,
            "verdict": "NOT_OBSERVED",
            "file": null,
            "function": null,
            "sink": null,
            "confidence": "0.1"
        },
        {
            "cve_id": "CVE-2022-23491",
            "package": "certifi",
            "import_detected": false,
            "call_chain_exists": false,
            "sink_reachable": false,
            "verdict": "NOT_OBSERVED",
            "file": null,
            "function": null,
            "sink": null,
            "confidence": "0.1"
        },
        {
            "cve_id": "CVE-2023-37920",
            "package": "certifi",
            "import_detected": false,
            "call_chain_exists": false,
            "sink_reachable": false,
            "verdict": "NOT_OBSERVED",
            "file": null,
            "function": null,
            "sink": null,
            "confidence": "0.1"
        },
        {
            "cve_id": "CVE-2023-0286",
            "package": "cryptography",
            "import_detected": false,
            "call_chain_exists": false,
            "sink_reachable": false,
            "verdict": "NOT_OBSERVED",
            "file": null,
            "function": null,
            "sink": null,
            "confidence": "0.1"
        },
        {
            "cve_id": "CVE-2023-23931",
            "package": "cryptography",
            "import_detected": false,
            "call_chain_exists": false,
            "sink_reachable": false,
            "verdict": "NOT_OBSERVED",
            "file": null,
            "function": null,
            "sink": null,
            "confidence": "0.1"
        },
        {
            "cve_id": "CVE-2023-49083",
            "package": "cryptography",
            "import_detected": false,
            "call_chain_exists": false,
            "sink_reachable": false,
            "verdict": "NOT_OBSERVED",
            "file": null,
            "function": null,
            "sink": null,
            "confidence": "0.1"
        },
        {
            "cve_id": "CVE-2023-50782",
            "package": "cryptography",
            "import_detected": false,
            "call_chain_exists": false,
            "sink_reachable": false,
            "verdict": "NOT_OBSERVED",
            "file": null,
            "function": null,
            "sink": null,
            "confidence": "0.1"
        },
        {
            "cve_id": "CVE-2024-0727",
            "package": "cryptography",
            "import_detected": false,
            "call_chain_exists": false,
            "sink_reachable": false,
            "verdict": "NOT_OBSERVED",
            "file": null,
            "function": null,
            "sink": null,
            "confidence": "0.1"
        },
        {
            "cve_id": "CVE-2026-26007",
            "package": "cryptography",
            "import_detected": false,
            "call_chain_exists": false,
            "sink_reachable": false,
            "verdict": "NOT_OBSERVED",
            "file": null,
            "function": null,
            "sink": null,
            "confidence": "0.1"
        },
        {
            "cve_id": "GHSA-5cpq-8wj7-hf2v",
            "package": "cryptography",
            "import_detected": false,
            "call_chain_exists": false,
            "sink_reachable": false,
            "verdict": "NOT_OBSERVED",
            "file": null,
            "function": null,
            "sink": null,
            "confidence": "0.1"
        },
        {
            "cve_id": "GHSA-jm77-qphf-c4w8",
            "package": "cryptography",
            "import_detected": false,
            "call_chain_exists": false,
            "sink_reachable": false,
            "verdict": "NOT_OBSERVED",
            "file": null,
            "function": null,
            "sink": null,
            "confidence": "0.1"
        },
        {
            "cve_id": "GHSA-v8gr-m533-ghj9",
            "package": "cryptography",
            "import_detected": false,
            "call_chain_exists": false,
            "sink_reachable": false,
            "verdict": "NOT_OBSERVED",
            "file": null,
            "function": null,
            "sink": null,
            "confidence": "0.1"
        },
        {
            "cve_id": "CVE-2021-43818",
            "package": "lxml",
            "import_detected": false,
            "call_chain_exists": false,
            "sink_reachable": false,
            "verdict": "NOT_OBSERVED",
            "file": null,
            "function": null,
            "sink": null,
            "confidence": "0.1"
        },
        {
            "cve_id": "CVE-2022-2309",
            "package": "lxml",
            "import_detected": false,
            "call_chain_exists": false,
            "sink_reachable": false,
            "verdict": "NOT_OBSERVED",
            "file": null,
            "function": null,
            "sink": null,
            "confidence": "0.1"
        },
        {
            "cve_id": "CVE-2021-33430",
            "package": "numpy",
            "import_detected": false,
            "call_chain_exists": false,
            "sink_reachable": false,
            "verdict": "NOT_OBSERVED",
            "file": null,
            "function": null,
            "sink": null,
            "confidence": "0.1"
        },
        {
            "cve_id": "CVE-2021-34141",
            "package": "numpy",
            "import_detected": false,
            "call_chain_exists": false,
            "sink_reachable": false,
            "verdict": "NOT_OBSERVED",
            "file": null,
            "function": null,
            "sink": null,
            "confidence": "0.1"
        },
        {
            "cve_id": "CVE-2023-32681",
            "package": "requests",
            "import_detected": true,
            "call_chain_exists": true,
            "sink_reachable": true,
            "verdict": "CONFIRMED",
            "file": null,
            "function": null,
            "sink": null,
            "confidence": "0.1"
        },
        {
            "cve_id": "CVE-2024-35195",
            "package": "requests",
            "import_detected": true,
            "call_chain_exists": true,
            "sink_reachable": true,
            "verdict": "CONFIRMED",
            "file": null,
            "function": null,
            "sink": null,
            "confidence": "0.1"
        },
        {
            "cve_id": "CVE-2024-47081",
            "package": "requests",
            "import_detected": true,
            "call_chain_exists": true,
            "sink_reachable": true,
            "verdict": "CONFIRMED",
            "file": null,
            "function": null,
            "sink": null,
            "confidence": "0.1"
        },
        {
            "cve_id": "CVE-2023-43804",
            "package": "urllib3",
            "import_detected": false,
            "call_chain_exists": false,
            "sink_reachable": false,
            "verdict": "NOT_OBSERVED",
            "file": null,
            "function": null,
            "sink": null,
            "confidence": "0.1"
        },
        {
            "cve_id": "CVE-2023-45803",
            "package": "urllib3",
            "import_detected": false,
            "call_chain_exists": false,
            "sink_reachable": false,
            "verdict": "NOT_OBSERVED",
            "file": null,
            "function": null,
            "sink": null,
            "confidence": "0.1"
        },
        {
            "cve_id": "CVE-2024-37891",
            "package": "urllib3",
            "import_detected": false,
            "call_chain_exists": false,
            "sink_reachable": false,
            "verdict": "NOT_OBSERVED",
            "file": null,
            "function": null,
            "sink": null,
            "confidence": "0.1"
        },
        {
            "cve_id": "CVE-2025-50181",
            "package": "urllib3",
            "import_detected": false,
            "call_chain_exists": false,
            "sink_reachable": false,
            "verdict": "NOT_OBSERVED",
            "file": null,
            "function": null,
            "sink": null,
            "confidence": "0.1"
        },
        {
            "cve_id": "CVE-2025-66418",
            "package": "urllib3",
            "import_detected": false,
            "call_chain_exists": false,
            "sink_reachable": false,
            "verdict": "NOT_OBSERVED",
            "file": null,
            "function": null,
            "sink": null,
            "confidence": "0.1"
        },
        {
            "cve_id": "CVE-2025-66471",
            "package": "urllib3",
            "import_detected": false,
            "call_chain_exists": false,
            "sink_reachable": false,
            "verdict": "NOT_OBSERVED",
            "file": null,
            "function": null,
            "sink": null,
            "confidence": "0.1"
        },
        {
            "cve_id": "CVE-2026-21441",
            "package": "urllib3",
            "import_detected": false,
            "call_chain_exists": false,
            "sink_reachable": false,
            "verdict": "NOT_OBSERVED",
            "file": null,
            "function": null,
            "sink": null,
            "confidence": "0.1"
        }
    ],
    "correlation": [
        {
            "cve_id": "CVE-2023-30861",
            "verdict": "CONFIRMED",
            "risk_score": 5.85,
            "priority": "P1"
        },
        {
            "cve_id": "CVE-2026-27205",
            "verdict": "CONFIRMED",
            "risk_score": 5.85,
            "priority": "P1"
        },
        {
            "cve_id": "CVE-2024-22195",
            "verdict": "NOT_OBSERVED",
            "risk_score": 1.3,
            "priority": "P4"
        },
        {
            "cve_id": "CVE-2024-34064",
            "verdict": "NOT_OBSERVED",
            "risk_score": 1.3,
            "priority": "P4"
        },
        {
            "cve_id": "CVE-2024-56326",
            "verdict": "NOT_OBSERVED",
            "risk_score": 1.3,
            "priority": "P4"
        },
        {
            "cve_id": "CVE-2025-27516",
            "verdict": "NOT_OBSERVED",
            "risk_score": 1.3,
            "priority": "P4"
        },
        {
            "cve_id": "CVE-2021-23437",
            "verdict": "NOT_OBSERVED",
            "risk_score": 2.6,
            "priority": "P4"
        },
        {
            "cve_id": "CVE-2021-34552",
            "verdict": "NOT_OBSERVED",
            "risk_score": 2.6,
            "priority": "P4"
        },
        {
            "cve_id": "CVE-2022-22815",
            "verdict": "NOT_OBSERVED",
            "risk_score": 2.6,
            "priority": "P4"
        },
        {
            "cve_id": "CVE-2022-22816",
            "verdict": "NOT_OBSERVED",
            "risk_score": 2.6,
            "priority": "P4"
        },
        {
            "cve_id": "CVE-2022-22817",
            "verdict": "NOT_OBSERVED",
            "risk_score": 2.6,
            "priority": "P4"
        },
        {
            "cve_id": "CVE-2022-24303",
            "verdict": "NOT_OBSERVED",
            "risk_score": 2.6,
            "priority": "P4"
        },
        {
            "cve_id": "CVE-2022-45198",
            "verdict": "NOT_OBSERVED",
            "risk_score": 2.6,
            "priority": "P4"
        },
        {
            "cve_id": "CVE-2023-44271",
            "verdict": "NOT_OBSERVED",
            "risk_score": 2.6,
            "priority": "P4"
        },
        {
            "cve_id": "CVE-2023-4863",
            "verdict": "NOT_OBSERVED",
            "risk_score": 2.6,
            "priority": "P4"
        },
        {
            "cve_id": "CVE-2023-50447",
            "verdict": "NOT_OBSERVED",
            "risk_score": 2.6,
            "priority": "P4"
        },
        {
            "cve_id": "CVE-2024-28219",
            "verdict": "NOT_OBSERVED",
            "risk_score": 2.6,
            "priority": "P4"
        },
        {
            "cve_id": "GHSA-4fx9-vc88-q2xc",
            "verdict": "NOT_OBSERVED",
            "risk_score": 2.6,
            "priority": "P4"
        },
        {
            "cve_id": "CVE-2022-29217",
            "verdict": "NOT_OBSERVED",
            "risk_score": 1.95,
            "priority": "P4"
        },
        {
            "cve_id": "CVE-2023-23934",
            "verdict": "NOT_OBSERVED",
            "risk_score": 1.95,
            "priority": "P4"
        },
        {
            "cve_id": "CVE-2023-25577",
            "verdict": "NOT_OBSERVED",
            "risk_score": 1.95,
            "priority": "P4"
        },
        {
            "cve_id": "CVE-2023-46136",
            "verdict": "NOT_OBSERVED",
            "risk_score": 1.95,
            "priority": "P4"
        },
        {
            "cve_id": "CVE-2024-34069",
            "verdict": "NOT_OBSERVED",
            "risk_score": 1.95,
            "priority": "P4"
        },
        {
            "cve_id": "CVE-2024-49766",
            "verdict": "NOT_OBSERVED",
            "risk_score": 1.95,
            "priority": "P4"
        },
        {
            "cve_id": "CVE-2024-49767",
            "verdict": "NOT_OBSERVED",
            "risk_score": 1.95,
            "priority": "P4"
        },
        {
            "cve_id": "CVE-2025-66221",
            "verdict": "NOT_OBSERVED",
            "risk_score": 1.95,
            "priority": "P4"
        },
        {
            "cve_id": "CVE-2026-21860",
            "verdict": "NOT_OBSERVED",
            "risk_score": 1.95,
            "priority": "P4"
        },
        {
            "cve_id": "CVE-2026-27199",
            "verdict": "NOT_OBSERVED",
            "risk_score": 1.95,
            "priority": "P4"
        },
        {
            "cve_id": "CVE-2022-23491",
            "verdict": "NOT_OBSERVED",
            "risk_score": 1.95,
            "priority": "P4"
        },
        {
            "cve_id": "CVE-2023-37920",
            "verdict": "NOT_OBSERVED",
            "risk_score": 1.95,
            "priority": "P4"
        },
        {
            "cve_id": "CVE-2023-0286",
            "verdict": "NOT_OBSERVED",
            "risk_score": 1.95,
            "priority": "P4"
        },
        {
            "cve_id": "CVE-2023-23931",
            "verdict": "NOT_OBSERVED",
            "risk_score": 1.95,
            "priority": "P4"
        },
        {
            "cve_id": "CVE-2023-49083",
            "verdict": "NOT_OBSERVED",
            "risk_score": 1.95,
            "priority": "P4"
        },
        {
            "cve_id": "CVE-2023-50782",
            "verdict": "NOT_OBSERVED",
            "risk_score": 1.95,
            "priority": "P4"
        },
        {
            "cve_id": "CVE-2024-0727",
            "verdict": "NOT_OBSERVED",
            "risk_score": 1.95,
            "priority": "P4"
        },
        {
            "cve_id": "CVE-2026-26007",
            "verdict": "NOT_OBSERVED",
            "risk_score": 1.95,
            "priority": "P4"
        },
        {
            "cve_id": "GHSA-5cpq-8wj7-hf2v",
            "verdict": "NOT_OBSERVED",
            "risk_score": 1.95,
            "priority": "P4"
        },
        {
            "cve_id": "GHSA-jm77-qphf-c4w8",
            "verdict": "NOT_OBSERVED",
            "risk_score": 1.95,
            "priority": "P4"
        },
        {
            "cve_id": "GHSA-v8gr-m533-ghj9",
            "verdict": "NOT_OBSERVED",
            "risk_score": 1.95,
            "priority": "P4"
        },
        {
            "cve_id": "CVE-2021-43818",
            "verdict": "NOT_OBSERVED",
            "risk_score": 1.3,
            "priority": "P4"
        },
        {
            "cve_id": "CVE-2022-2309",
            "verdict": "NOT_OBSERVED",
            "risk_score": 1.3,
            "priority": "P4"
        },
        {
            "cve_id": "CVE-2021-33430",
            "verdict": "NOT_OBSERVED",
            "risk_score": 1.3,
            "priority": "P4"
        },
        {
            "cve_id": "CVE-2021-34141",
            "verdict": "NOT_OBSERVED",
            "risk_score": 1.3,
            "priority": "P4"
        },
        {
            "cve_id": "CVE-2023-32681",
            "verdict": "CONFIRMED",
            "risk_score": 3.9,
            "priority": "P3"
        },
        {
            "cve_id": "CVE-2024-35195",
            "verdict": "CONFIRMED",
            "risk_score": 3.9,
            "priority": "P3"
        },
        {
            "cve_id": "CVE-2024-47081",
            "verdict": "CONFIRMED",
            "risk_score": 3.9,
            "priority": "P3"
        },
        {
            "cve_id": "CVE-2023-43804",
            "verdict": "NOT_OBSERVED",
            "risk_score": 1.95,
            "priority": "P4"
        },
        {
            "cve_id": "CVE-2023-45803",
            "verdict": "NOT_OBSERVED",
            "risk_score": 1.95,
            "priority": "P4"
        },
        {
            "cve_id": "CVE-2024-37891",
            "verdict": "NOT_OBSERVED",
            "risk_score": 1.95,
            "priority": "P4"
        },
        {
            "cve_id": "CVE-2025-50181",
            "verdict": "NOT_OBSERVED",
            "risk_score": 1.95,
            "priority": "P4"
        },
        {
            "cve_id": "CVE-2025-66418",
            "verdict": "NOT_OBSERVED",
            "risk_score": 1.95,
            "priority": "P4"
        },
        {
            "cve_id": "CVE-2025-66471",
            "verdict": "NOT_OBSERVED",
            "risk_score": 1.95,
            "priority": "P4"
        },
        {
            "cve_id": "CVE-2026-21441",
            "verdict": "NOT_OBSERVED",
            "risk_score": 1.95,
            "priority": "P4"
        }
    ],
    "raw": {
        "git": {
            "commit": "a6d1c9cfe799384ff258a87b10ea0b2825b74804",
            "scan_id": "34da4581-ba80-4926-9210-0b9075a3a623",
            "repo_url": "https://github.com/ihrishikesh0896/vulnreach.git",
            "repo_name": "vulnreach",
            "scan_file": "/Users/hrishikesh/Desktop/github_projects/vulnreach-parent/vulnreach-agent/security_findings/vulnreach/scan13.json",
            "clone_path": "/Users/hrishikesh/Desktop/github_projects/vulnreach-parent/vulnreach-agent/scans/vulnreach/34da4581-ba80-4926-9210-0b9075a3a623"
        },
        "trivy": {
            "Results": [
                {
                    "Type": "pip",
                    "Class": "lang-pkgs",
                    "Target": "test_packages/python_vuln_app/requirements.txt",
                    "Vulnerabilities": [
                        {
                            "CVSS": {
                                "nvd": {
                                    "V3Score": 7.5,
                                    "V3Vector": "CVSS:3.1/AV:N/AC:L/PR:N/UI:N/S:U/C:H/I:N/A:N"
                                },
                                "ghsa": {
                                    "V3Score": 7.5,
                                    "V3Vector": "CVSS:3.1/AV:N/AC:L/PR:N/UI:N/S:U/C:H/I:N/A:N",
                                    "V40Score": 8.7,
                                    "V40Vector": "CVSS:4.0/AV:N/AC:L/AT:N/PR:N/UI:N/VC:H/VI:N/VA:N/SC:N/SI:N/SA:N"
                                },
                                "redhat": {
                                    "V3Score": 7.5,
                                    "V3Vector": "CVSS:3.1/AV:N/AC:L/PR:N/UI:N/S:U/C:H/I:N/A:N"
                                }
                            },
                            "Title": "flask: Possible disclosure of permanent session cookie due to missing Vary: Cookie header",
                            "CweIDs": [
                                "CWE-539"
                            ],
                            "Status": "fixed",
                            "PkgName": "Flask",
                            "Severity": "HIGH",
                            "DataSource": {
                                "ID": "ghsa",
                                "URL": "https://github.com/advisories?query=type%3Areviewed+ecosystem%3Apip",
                                "Name": "GitHub Security Advisory pip"
                            },
                            "PrimaryURL": "https://avd.aquasec.com/nvd/cve-2023-30861",
                            "References": [
                                "https://access.redhat.com/security/cve/CVE-2023-30861",
                                "https://github.com/pallets/flask",
                                "https://github.com/pallets/flask/commit/70f906c51ce49c485f1d355703e9cc3386b1cc2b",
                                "https://github.com/pallets/flask/commit/8646edca6f47e2cd57464081b3911218d4734f8d (2.2.5)",
                                "https://github.com/pallets/flask/commit/8705dd39c4fa563ea0fe0bf84c85da8fcc98b88d (2.3.2)",
                                "https://github.com/pallets/flask/commit/afd63b16170b7c047f5758eb910c416511e9c965",
                                "https://github.com/pallets/flask/releases/tag/2.2.5",
                                "https://github.com/pallets/flask/releases/tag/2.3.2",
                                "https://github.com/pallets/flask/security/advisories/GHSA-m2qf-hxjv-5gpq",
                                "https://github.com/pypa/advisory-database/tree/main/vulns/flask/PYSEC-2023-62.yaml",
                                "https://linux.oracle.com/cve/CVE-2023-30861.html",
                                "https://linux.oracle.com/errata/ELSA-2023-12710.html",
                                "https://lists.debian.org/debian-lts-announce/2023/08/msg00024.html",
                                "https://nvd.nist.gov/vuln/detail/CVE-2023-30861",
                                "https://security.netapp.com/advisory/ntap-20230818-0006",
                                "https://security.netapp.com/advisory/ntap-20230818-0006/",
                                "https://ubuntu.com/security/notices/USN-6111-1",
                                "https://www.cve.org/CVERecord?id=CVE-2023-30861",
                                "https://www.debian.org/security/2023/dsa-5442"
                            ],
                            "Description": "Flask is a lightweight WSGI web application framework. When all of the following conditions are met, a response containing data intended for one client may be cached and subsequently sent by the proxy to other clients. If the proxy also caches `Set-Cookie` headers, it may send one client's `session` cookie to other clients. The severity depends on the application's use of the session and the proxy's behavior regarding cookies. The risk depends on all these conditions being met.\n\n1. The application must be hosted behind a caching proxy that does not strip cookies or ignore responses with cookies.\n2. The application sets `session.permanent = True`\n3. The application does not access or modify the session at any point during a request.\n4. `SESSION_REFRESH_EACH_REQUEST` enabled (the default).\n5. The application does not set a `Cache-Control` header to indicate that a page is private or should not be cached.\n\nThis happens because vulnerable versions of Flask only set the `Vary: Cookie` header when the session is accessed or modified, not when it is refreshed (re-sent to update the expiration) without being accessed or modified. This issue has been fixed in versions 2.3.2 and 2.2.5.",
                            "FixedVersion": "2.3.2, 2.2.5",
                            "PkgIdentifier": {
                                "UID": "2529c90b99c05bcb",
                                "PURL": "pkg:pypi/flask@2.0.1"
                            },
                            "PublishedDate": "2023-05-02T18:15:52.373Z",
                            "SeveritySource": "ghsa",
                            "VendorSeverity": {
                                "nvd": 3,
                                "ghsa": 3,
                                "amazon": 3,
                                "redhat": 3,
                                "ubuntu": 2,
                                "oracle-oval": 3
                            },
                            "VulnerabilityID": "CVE-2023-30861",
                            "InstalledVersion": "2.0.1",
                            "LastModifiedDate": "2024-11-21T08:00:59.623Z"
                        },
                        {
                            "CVSS": {
                                "ghsa": {
                                    "V40Score": 2.3,
                                    "V40Vector": "CVSS:4.0/AV:N/AC:L/AT:P/PR:N/UI:P/VC:L/VI:N/VA:N/SC:N/SI:N/SA:N"
                                }
                            },
                            "Title": "Flask is a web server gateway interface (WSGI) web application framewo ...",
                            "CweIDs": [
                                "CWE-524"
                            ],
                            "Status": "fixed",
                            "PkgName": "Flask",
                            "Severity": "LOW",
                            "DataSource": {
                                "ID": "ghsa",
                                "URL": "https://github.com/advisories?query=type%3Areviewed+ecosystem%3Apip",
                                "Name": "GitHub Security Advisory pip"
                            },
                            "PrimaryURL": "https://avd.aquasec.com/nvd/cve-2026-27205",
                            "References": [
                                "https://github.com/pallets/flask",
                                "https://github.com/pallets/flask/commit/089cb86dd22bff589a4eafb7ab8e42dc357623b4",
                                "https://github.com/pallets/flask/releases/tag/3.1.3",
                                "https://github.com/pallets/flask/security/advisories/GHSA-68rp-wp8r-4726"
                            ],
                            "Description": "Flask is a web server gateway interface (WSGI) web application framework. In versions 3.1.2 and below, when the session object is accessed, Flask should set the Vary: Cookie header., resulting in a Use of Cache Containing Sensitive Information vulnerability. The logic instructs caches not to cache the response, as it may contain information specific to a logged in user. This is handled in most cases, but some forms of access such as the Python in operator were overlooked. The severity and risk depend on the application being hosted behind a caching proxy that doesn't ignore responses with cookies, not setting a Cache-Control header to mark pages as private or non-cacheable, and accessing the session in a way that only touches keys without reading values or mutating the session. The issue has been fixed in version 3.1.3.",
                            "FixedVersion": "3.1.3",
                            "PkgIdentifier": {
                                "UID": "2529c90b99c05bcb",
                                "PURL": "pkg:pypi/flask@2.0.1"
                            },
                            "PublishedDate": "2026-02-21T06:17:00.91Z",
                            "SeveritySource": "ghsa",
                            "VendorSeverity": {
                                "ghsa": 1
                            },
                            "VulnerabilityID": "CVE-2026-27205",
                            "InstalledVersion": "2.0.1",
                            "LastModifiedDate": "2026-02-21T06:17:00.91Z"
                        },
                        {
                            "CVSS": {
                                "nvd": {
                                    "V3Score": 6.1,
                                    "V3Vector": "CVSS:3.1/AV:N/AC:L/PR:N/UI:R/S:C/C:L/I:L/A:N"
                                },
                                "ghsa": {
                                    "V3Score": 5.4,
                                    "V3Vector": "CVSS:3.1/AV:N/AC:L/PR:N/UI:R/S:U/C:L/I:L/A:N"
                                },
                                "redhat": {
                                    "V3Score": 5.4,
                                    "V3Vector": "CVSS:3.1/AV:N/AC:L/PR:N/UI:R/S:U/C:L/I:L/A:N"
                                }
                            },
                            "Title": "jinja2: HTML attribute injection when passing user input as keys to xmlattr filter",
                            "CweIDs": [
                                "CWE-79"
                            ],
                            "Status": "fixed",
                            "PkgName": "Jinja2",
                            "Severity": "MEDIUM",
                            "DataSource": {
                                "ID": "ghsa",
                                "URL": "https://github.com/advisories?query=type%3Areviewed+ecosystem%3Apip",
                                "Name": "GitHub Security Advisory pip"
                            },
                            "PrimaryURL": "https://avd.aquasec.com/nvd/cve-2024-22195",
                            "References": [
                                "https://access.redhat.com/errata/RHSA-2024:2348",
                                "https://access.redhat.com/security/cve/CVE-2024-22195",
                                "https://bugzilla.redhat.com/2257854",
                                "https://bugzilla.redhat.com/show_bug.cgi?id=2257854",
                                "https://cve.mitre.org/cgi-bin/cvename.cgi?name=CVE-2024-22195",
                                "https://errata.almalinux.org/9/ALSA-2024-2348.html",
                                "https://errata.rockylinux.org/RLSA-2024:3102",
                                "https://github.com/pallets/jinja",
                                "https://github.com/pallets/jinja/commit/716795349a41d4983a9a4771f7d883c96ea17be7",
                                "https://github.com/pallets/jinja/releases/tag/3.1.3",
                                "https://github.com/pallets/jinja/security/advisories/GHSA-h5c8-rqwp-cp95",
                                "https://linux.oracle.com/cve/CVE-2024-22195.html",
                                "https://linux.oracle.com/errata/ELSA-2024-3102.html",
                                "https://lists.debian.org/debian-lts-announce/2024/01/msg00010.html",
                                "https://lists.debian.org/debian-lts-announce/2024/12/msg00009.html",
                                "https://lists.fedoraproject.org/archives/list/package-announce@lists.fedoraproject.org/message/5XCWZD464AJJJUBOO7CMPXQ4ROBC6JX2",
                                "https://lists.fedoraproject.org/archives/list/package-announce@lists.fedoraproject.org/message/5XCWZD464AJJJUBOO7CMPXQ4ROBC6JX2/",
                                "https://lists.fedoraproject.org/archives/list/package-announce@lists.fedoraproject.org/message/DELCVUUYX75I5K4Q5WMJG4MUZJA6VAIP",
                                "https://lists.fedoraproject.org/archives/list/package-announce@lists.fedoraproject.org/message/DELCVUUYX75I5K4Q5WMJG4MUZJA6VAIP/",
                                "https://lists.fedoraproject.org/archives/list/package-announce@lists.fedoraproject.org/message/O7YWRBX6JQCWC2XXCTZ55C7DPMGICCN3",
                                "https://lists.fedoraproject.org/archives/list/package-announce@lists.fedoraproject.org/message/O7YWRBX6JQCWC2XXCTZ55C7DPMGICCN3/",
                                "https://nvd.nist.gov/vuln/detail/CVE-2024-22195",
                                "https://ubuntu.com/security/notices/USN-6599-1",
                                "https://www.cve.org/CVERecord?id=CVE-2024-22195"
                            ],
                            "Description": "Jinja is an extensible templating engine. Special placeholders in the template allow writing code similar to Python syntax. It is possible to inject arbitrary HTML attributes into the rendered HTML template, potentially leading to Cross-Site Scripting (XSS). The Jinja `xmlattr` filter can be abused to inject arbitrary HTML attribute keys and values, bypassing the auto escaping mechanism and potentially leading to XSS. It may also be possible to bypass attribute validation checks if they are blacklist-based.",
                            "FixedVersion": "3.1.3",
                            "PkgIdentifier": {
                                "UID": "ba21a4f0d32260ba",
                                "PURL": "pkg:pypi/jinja2@2.11.3"
                            },
                            "PublishedDate": "2024-01-11T03:15:11.2Z",
                            "SeveritySource": "ghsa",
                            "VendorSeverity": {
                                "nvd": 2,
                                "alma": 2,
                                "ghsa": 2,
                                "azure": 2,
                                "rocky": 2,
                                "amazon": 2,
                                "photon": 2,
                                "redhat": 2,
                                "ubuntu": 2,
                                "cbl-mariner": 2,
                                "oracle-oval": 2
                            },
                            "VulnerabilityID": "CVE-2024-22195",
                            "InstalledVersion": "2.11.3",
                            "LastModifiedDate": "2025-11-03T22:16:46.677Z"
                        },
                        {
                            "CVSS": {
                                "ghsa": {
                                    "V3Score": 5.4,
                                    "V3Vector": "CVSS:3.1/AV:N/AC:L/PR:N/UI:R/S:U/C:L/I:L/A:N"
                                },
                                "redhat": {
                                    "V3Score": 5.4,
                                    "V3Vector": "CVSS:3.1/AV:N/AC:L/PR:N/UI:R/S:U/C:L/I:L/A:N"
                                }
                            },
                            "Title": "jinja2: accepts keys containing non-attribute characters",
                            "CweIDs": [
                                "CWE-79"
                            ],
                            "Status": "fixed",
                            "PkgName": "Jinja2",
                            "Severity": "MEDIUM",
                            "DataSource": {
                                "ID": "ghsa",
                                "URL": "https://github.com/advisories?query=type%3Areviewed+ecosystem%3Apip",
                                "Name": "GitHub Security Advisory pip"
                            },
                            "PrimaryURL": "https://avd.aquasec.com/nvd/cve-2024-34064",
                            "References": [
                                "https://access.redhat.com/errata/RHSA-2024:9150",
                                "https://access.redhat.com/security/cve/CVE-2024-34064",
                                "https://bugzilla.redhat.com/2279476",
                                "https://bugzilla.redhat.com/show_bug.cgi?id=2279476",
                                "https://cve.mitre.org/cgi-bin/cvename.cgi?name=CVE-2024-34064",
                                "https://errata.almalinux.org/9/ALSA-2024-9150.html",
                                "https://errata.rockylinux.org/RLSA-2024:9150",
                                "https://github.com/pallets/jinja",
                                "https://github.com/pallets/jinja/commit/0668239dc6b44ef38e7a6c9f91f312fd4ca581cb",
                                "https://github.com/pallets/jinja/security/advisories/GHSA-h75v-3vvj-5mfj",
                                "https://linux.oracle.com/cve/CVE-2024-34064.html",
                                "https://linux.oracle.com/errata/ELSA-2024-9150.html",
                                "https://lists.debian.org/debian-lts-announce/2024/12/msg00009.html",
                                "https://lists.fedoraproject.org/archives/list/package-announce@lists.fedoraproject.org/message/567XIGSZMABG6TSMYWD7MIYNJSUQQRUC",
                                "https://lists.fedoraproject.org/archives/list/package-announce@lists.fedoraproject.org/message/567XIGSZMABG6TSMYWD7MIYNJSUQQRUC/",
                                "https://lists.fedoraproject.org/archives/list/package-announce@lists.fedoraproject.org/message/GCLF44KY43BSVMTE6S53B4V5WP3FRRSE",
                                "https://lists.fedoraproject.org/archives/list/package-announce@lists.fedoraproject.org/message/GCLF44KY43BSVMTE6S53B4V5WP3FRRSE/",
                                "https://lists.fedoraproject.org/archives/list/package-announce@lists.fedoraproject.org/message/SSCBHIL6BYKR5NRCBXP4XMP2CEEKGFVS",
                                "https://lists.fedoraproject.org/archives/list/package-announce@lists.fedoraproject.org/message/SSCBHIL6BYKR5NRCBXP4XMP2CEEKGFVS/",
                                "https://lists.fedoraproject.org/archives/list/package-announce@lists.fedoraproject.org/message/ZALNWE3TXPPHVPSI3AZ5CTMSTAVN5UMS",
                                "https://lists.fedoraproject.org/archives/list/package-announce@lists.fedoraproject.org/message/ZALNWE3TXPPHVPSI3AZ5CTMSTAVN5UMS/",
                                "https://nvd.nist.gov/vuln/detail/CVE-2024-34064",
                                "https://ubuntu.com/security/notices/USN-6787-1",
                                "https://www.cve.org/CVERecord?id=CVE-2024-34064"
                            ],
                            "Description": "Jinja is an extensible templating engine. The `xmlattr` filter in affected versions of Jinja accepts keys containing non-attribute characters. XML/HTML attributes cannot contain spaces, `/`, `>`, or `=`, as each would then be interpreted as starting a separate attribute. If an application accepts keys (as opposed to only values) as user input, and renders these in pages that other users see as well, an attacker could use this to inject other attributes and perform XSS. The fix for CVE-2024-22195 only addressed spaces but not other characters. Accepting keys as user input is now explicitly considered an unintended use case of the `xmlattr` filter, and code that does so without otherwise validating the input should be flagged as insecure, regardless of Jinja version. Accepting _values_ as user input continues to be safe. This vulnerability is fixed in 3.1.4.",
                            "FixedVersion": "3.1.4",
                            "PkgIdentifier": {
                                "UID": "ba21a4f0d32260ba",
                                "PURL": "pkg:pypi/jinja2@2.11.3"
                            },
                            "PublishedDate": "2024-05-06T15:15:23.803Z",
                            "SeveritySource": "ghsa",
                            "VendorSeverity": {
                                "alma": 2,
                                "ghsa": 2,
                                "azure": 2,
                                "rocky": 2,
                                "amazon": 2,
                                "photon": 2,
                                "redhat": 2,
                                "ubuntu": 2,
                                "cbl-mariner": 2,
                                "oracle-oval": 2
                            },
                            "VulnerabilityID": "CVE-2024-34064",
                            "InstalledVersion": "2.11.3",
                            "LastModifiedDate": "2025-11-03T22:16:54.683Z"
                        },
                        {
                            "CVSS": {
                                "ghsa": {
                                    "V3Score": 7.8,
                                    "V3Vector": "CVSS:3.1/AV:L/AC:L/PR:L/UI:N/S:U/C:H/I:H/A:H",
                                    "V40Score": 5.4,
                                    "V40Vector": "CVSS:4.0/AV:L/AC:L/AT:P/PR:L/UI:P/VC:H/VI:H/VA:H/SC:N/SI:N/SA:N"
                                },
                                "redhat": {
                                    "V3Score": 6.3,
                                    "V3Vector": "CVSS:3.1/AV:L/AC:H/PR:H/UI:R/S:U/C:H/I:H/A:H"
                                }
                            },
                            "Title": "jinja2: Jinja has a sandbox breakout through indirect reference to format method",
                            "CweIDs": [
                                "CWE-693",
                                "CWE-1336"
                            ],
                            "Status": "fixed",
                            "PkgName": "Jinja2",
                            "Severity": "MEDIUM",
                            "DataSource": {
                                "ID": "ghsa",
                                "URL": "https://github.com/advisories?query=type%3Areviewed+ecosystem%3Apip",
                                "Name": "GitHub Security Advisory pip"
                            },
                            "PrimaryURL": "https://avd.aquasec.com/nvd/cve-2024-56326",
                            "References": [
                                "https://access.redhat.com/errata/RHSA-2025:0667",
                                "https://access.redhat.com/security/cve/CVE-2024-56326",
                                "https://bugzilla.redhat.com/2333856",
                                "https://bugzilla.redhat.com/show_bug.cgi?id=2333856",
                                "https://cve.mitre.org/cgi-bin/cvename.cgi?name=CVE-2024-56326",
                                "https://errata.almalinux.org/9/ALSA-2025-0667.html",
                                "https://errata.rockylinux.org/RLSA-2025:0667",
                                "https://github.com/pallets/jinja",
                                "https://github.com/pallets/jinja/commit/48b0687e05a5466a91cd5812d604fa37ad0943b4",
                                "https://github.com/pallets/jinja/releases/tag/3.1.5",
                                "https://github.com/pallets/jinja/security/advisories/GHSA-q2x7-8rv6-6q7h",
                                "https://linux.oracle.com/cve/CVE-2024-56326.html",
                                "https://linux.oracle.com/errata/ELSA-2025-1250.html",
                                "https://lists.debian.org/debian-lts-announce/2025/04/msg00022.html",
                                "https://nvd.nist.gov/vuln/detail/CVE-2024-56326",
                                "https://ubuntu.com/security/notices/USN-7244-1",
                                "https://ubuntu.com/security/notices/USN-7343-1",
                                "https://www.cve.org/CVERecord?id=CVE-2024-56326"
                            ],
                            "Description": "Jinja is an extensible templating engine. Prior to 3.1.5, An oversight in how the Jinja sandboxed environment detects calls to str.format allows an attacker that controls the content of a template to execute arbitrary Python code. To exploit the vulnerability, an attacker needs to control the content of a template. Whether that is the case depends on the type of application using Jinja. This vulnerability impacts users of applications which execute untrusted templates. Jinja's sandbox does catch calls to str.format and ensures they don't escape the sandbox. However, it's possible to store a reference to a malicious string's format method, then pass that to a filter that calls it. No such filters are built-in to Jinja, but could be present through custom filters in an application. After the fix, such indirect calls are also handled by the sandbox. This vulnerability is fixed in 3.1.5.",
                            "FixedVersion": "3.1.5",
                            "PkgIdentifier": {
                                "UID": "ba21a4f0d32260ba",
                                "PURL": "pkg:pypi/jinja2@2.11.3"
                            },
                            "PublishedDate": "2024-12-23T16:15:07.59Z",
                            "SeveritySource": "ghsa",
                            "VendorSeverity": {
                                "alma": 3,
                                "ghsa": 2,
                                "azure": 2,
                                "rocky": 3,
                                "amazon": 3,
                                "photon": 3,
                                "redhat": 2,
                                "ubuntu": 2,
                                "cbl-mariner": 2,
                                "oracle-oval": 2
                            },
                            "VulnerabilityID": "CVE-2024-56326",
                            "InstalledVersion": "2.11.3",
                            "LastModifiedDate": "2025-11-03T20:16:51.257Z"
                        },
                        {
                            "CVSS": {
                                "nvd": {
                                    "V3Score": 8.8,
                                    "V3Vector": "CVSS:3.1/AV:L/AC:L/PR:L/UI:N/S:C/C:H/I:H/A:H"
                                },
                                "ghsa": {
                                    "V40Score": 5.4,
                                    "V40Vector": "CVSS:4.0/AV:L/AC:L/AT:P/PR:L/UI:P/VC:H/VI:H/VA:H/SC:N/SI:N/SA:N"
                                },
                                "redhat": {
                                    "V3Score": 7.3,
                                    "V3Vector": "CVSS:3.1/AV:L/AC:L/PR:L/UI:R/S:U/C:H/I:H/A:H"
                                }
                            },
                            "Title": "jinja2: Jinja sandbox breakout through attr filter selecting format method",
                            "CweIDs": [
                                "CWE-1336"
                            ],
                            "Status": "fixed",
                            "PkgName": "Jinja2",
                            "Severity": "MEDIUM",
                            "DataSource": {
                                "ID": "ghsa",
                                "URL": "https://github.com/advisories?query=type%3Areviewed+ecosystem%3Apip",
                                "Name": "GitHub Security Advisory pip"
                            },
                            "PrimaryURL": "https://avd.aquasec.com/nvd/cve-2025-27516",
                            "References": [
                                "https://access.redhat.com/errata/RHSA-2025:3406",
                                "https://access.redhat.com/security/cve/CVE-2025-27516",
                                "https://bugzilla.redhat.com/2350190",
                                "https://bugzilla.redhat.com/show_bug.cgi?id=2350190",
                                "https://cve.mitre.org/cgi-bin/cvename.cgi?name=CVE-2025-27516",
                                "https://errata.almalinux.org/9/ALSA-2025-3406.html",
                                "https://errata.rockylinux.org/RLSA-2025:3406",
                                "https://github.com/pallets/jinja",
                                "https://github.com/pallets/jinja/commit/90457bbf33b8662926ae65cdde4c4c32e756e403",
                                "https://github.com/pallets/jinja/security/advisories/GHSA-cpwx-vrp4-4pq7",
                                "https://linux.oracle.com/cve/CVE-2025-27516.html",
                                "https://linux.oracle.com/errata/ELSA-2025-7476.html",
                                "https://lists.debian.org/debian-lts-announce/2025/04/msg00022.html",
                                "https://lists.debian.org/debian-lts-announce/2025/04/msg00045.html",
                                "https://nvd.nist.gov/vuln/detail/CVE-2025-27516",
                                "https://ubuntu.com/security/notices/USN-7343-1",
                                "https://www.cve.org/CVERecord?id=CVE-2025-27516"
                            ],
                            "Description": "Jinja is an extensible templating engine. Prior to 3.1.6, an oversight in how the Jinja sandboxed environment interacts with the |attr filter allows an attacker that controls the content of a template to execute arbitrary Python code. To exploit the vulnerability, an attacker needs to control the content of a template. Whether that is the case depends on the type of application using Jinja. This vulnerability impacts users of applications which execute untrusted templates. Jinja's sandbox does catch calls to str.format and ensures they don't escape the sandbox. However, it's possible to use the |attr filter to get a reference to a string's plain format method, bypassing the sandbox. After the fix, the |attr filter no longer bypasses the environment's attribute lookup. This vulnerability is fixed in 3.1.6.",
                            "FixedVersion": "3.1.6",
                            "PkgIdentifier": {
                                "UID": "ba21a4f0d32260ba",
                                "PURL": "pkg:pypi/jinja2@2.11.3"
                            },
                            "PublishedDate": "2025-03-05T21:15:20.073Z",
                            "SeveritySource": "ghsa",
                            "VendorSeverity": {
                                "nvd": 3,
                                "alma": 3,
                                "ghsa": 2,
                                "azure": 2,
                                "rocky": 3,
                                "amazon": 3,
                                "photon": 3,
                                "redhat": 3,
                                "ubuntu": 2,
                                "cbl-mariner": 2,
                                "oracle-oval": 3
                            },
                            "VulnerabilityID": "CVE-2025-27516",
                            "InstalledVersion": "2.11.3",
                            "LastModifiedDate": "2025-11-03T20:18:02.203Z"
                        },
                        {
                            "CVSS": {
                                "nvd": {
                                    "V2Score": 7.5,
                                    "V3Score": 9.8,
                                    "V2Vector": "AV:N/AC:L/Au:N/C:P/I:P/A:P",
                                    "V3Vector": "CVSS:3.1/AV:N/AC:L/PR:N/UI:N/S:U/C:H/I:H/A:H"
                                },
                                "ghsa": {
                                    "V3Score": 9.8,
                                    "V3Vector": "CVSS:3.1/AV:N/AC:L/PR:N/UI:N/S:U/C:H/I:H/A:H",
                                    "V40Score": 9.3,
                                    "V40Vector": "CVSS:4.0/AV:N/AC:L/AT:N/PR:N/UI:N/VC:H/VI:H/VA:H/SC:N/SI:N/SA:N"
                                },
                                "redhat": {
                                    "V3Score": 5.9,
                                    "V3Vector": "CVSS:3.1/AV:N/AC:H/PR:N/UI:N/S:U/C:N/I:N/A:H"
                                },
                                "bitnami": {
                                    "V3Score": 9.8,
                                    "V3Vector": "CVSS:3.1/AV:N/AC:L/PR:N/UI:N/S:U/C:H/I:H/A:H"
                                }
                            },
                            "Title": "python-pillow: Buffer overflow in image convert function",
                            "CweIDs": [
                                "CWE-120"
                            ],
                            "Status": "fixed",
                            "PkgName": "Pillow",
                            "Severity": "CRITICAL",
                            "DataSource": {
                                "ID": "ghsa",
                                "URL": "https://github.com/advisories?query=type%3Areviewed+ecosystem%3Apip",
                                "Name": "GitHub Security Advisory pip"
                            },
                            "PrimaryURL": "https://avd.aquasec.com/nvd/cve-2021-34552",
                            "References": [
                                "https://access.redhat.com/hydra/rest/securitydata/cve/CVE-2021-34552.json",
                                "https://access.redhat.com/security/cve/CVE-2021-34552",
                                "https://github.com/advisories/GHSA-7534-mm45-c74v",
                                "https://github.com/pypa/advisory-database/tree/main/vulns/pillow/PYSEC-2021-331.yaml",
                                "https://github.com/python-pillow/Pillow",
                                "https://github.com/python-pillow/Pillow/commit/31c473898c29d1b7cb6555ce67d9503a4906b83f",
                                "https://github.com/python-pillow/Pillow/pull/5567",
                                "https://lists.debian.org/debian-lts-announce/2021/07/msg00018.html",
                                "https://lists.fedoraproject.org/archives/list/package-announce%40lists.fedoraproject.org/message/7V6LCG525ARIX6LX5QRYNAWVDD2MD2SV/",
                                "https://lists.fedoraproject.org/archives/list/package-announce%40lists.fedoraproject.org/message/VUGBBT63VL7G4JNOEIPDJIOC34ZFBKNJ/",
                                "https://lists.fedoraproject.org/archives/list/package-announce@lists.fedoraproject.org/message/7V6LCG525ARIX6LX5QRYNAWVDD2MD2SV",
                                "https://lists.fedoraproject.org/archives/list/package-announce@lists.fedoraproject.org/message/VUGBBT63VL7G4JNOEIPDJIOC34ZFBKNJ",
                                "https://nvd.nist.gov/vuln/detail/CVE-2021-34552",
                                "https://pillow.readthedocs.io/en/stable/releasenotes/8.3.0.html#buffer-overflow",
                                "https://pillow.readthedocs.io/en/stable/releasenotes/index.html",
                                "https://security.gentoo.org/glsa/202211-10",
                                "https://ubuntu.com/security/notices/USN-5227-1",
                                "https://ubuntu.com/security/notices/USN-5227-2",
                                "https://www.cve.org/CVERecord?id=CVE-2021-34552"
                            ],
                            "Description": "Pillow through 8.2.0 and PIL (aka Python Imaging Library) through 1.1.7 allow an attacker to pass controlled parameters directly into a convert function to trigger a buffer overflow in Convert.c.",
                            "FixedVersion": "8.3.0",
                            "PkgIdentifier": {
                                "UID": "e0ce1a27d26b25e5",
                                "PURL": "pkg:pypi/pillow@8.2.0"
                            },
                            "PublishedDate": "2021-07-13T17:15:09.4Z",
                            "SeveritySource": "ghsa",
                            "VendorSeverity": {
                                "nvd": 4,
                                "alma": 2,
                                "ghsa": 4,
                                "rocky": 2,
                                "amazon": 3,
                                "redhat": 2,
                                "ubuntu": 1,
                                "bitnami": 4
                            },
                            "VulnerabilityID": "CVE-2021-34552",
                            "InstalledVersion": "8.2.0",
                            "LastModifiedDate": "2024-11-21T06:10:39.64Z"
                        },
                        {
                            "CVSS": {
                                "nvd": {
                                    "V2Score": 7.5,
                                    "V3Score": 9.8,
                                    "V2Vector": "AV:N/AC:L/Au:N/C:P/I:P/A:P",
                                    "V3Vector": "CVSS:3.1/AV:N/AC:L/PR:N/UI:N/S:U/C:H/I:H/A:H"
                                },
                                "ghsa": {
                                    "V3Score": 9.8,
                                    "V3Vector": "CVSS:3.1/AV:N/AC:L/PR:N/UI:N/S:U/C:H/I:H/A:H",
                                    "V40Score": 9.3,
                                    "V40Vector": "CVSS:4.0/AV:N/AC:L/AT:N/PR:N/UI:N/VC:H/VI:H/VA:H/SC:N/SI:N/SA:N"
                                },
                                "redhat": {
                                    "V3Score": 9.8,
                                    "V3Vector": "CVSS:3.1/AV:N/AC:L/PR:N/UI:N/S:U/C:H/I:H/A:H"
                                },
                                "bitnami": {
                                    "V3Score": 9.8,
                                    "V3Vector": "CVSS:3.1/AV:N/AC:L/PR:N/UI:N/S:U/C:H/I:H/A:H"
                                }
                            },
                            "Title": "python-pillow: PIL.ImageMath.eval allows evaluation of arbitrary expressions",
                            "Status": "fixed",
                            "PkgName": "Pillow",
                            "Severity": "CRITICAL",
                            "DataSource": {
                                "ID": "ghsa",
                                "URL": "https://github.com/advisories?query=type%3Areviewed+ecosystem%3Apip",
                                "Name": "GitHub Security Advisory pip"
                            },
                            "PrimaryURL": "https://avd.aquasec.com/nvd/cve-2022-22817",
                            "References": [
                                "https://access.redhat.com/security/cve/CVE-2022-22817",
                                "https://bugzilla.redhat.com/show_bug.cgi?id=2042522",
                                "https://bugzilla.redhat.com/show_bug.cgi?id=2042527",
                                "https://cve.mitre.org/cgi-bin/cvename.cgi?name=CVE-2022-22815",
                                "https://cve.mitre.org/cgi-bin/cvename.cgi?name=CVE-2022-22816",
                                "https://cve.mitre.org/cgi-bin/cvename.cgi?name=CVE-2022-22817",
                                "https://errata.almalinux.org/8/ALSA-2022-0643.html",
                                "https://errata.rockylinux.org/RLSA-2022:0643",
                                "https://github.com/advisories/GHSA-8vj2-vxx3-667w",
                                "https://github.com/pypa/advisory-database/tree/main/vulns/pillow/PYSEC-2022-10.yaml",
                                "https://github.com/python-pillow/Pillow",
                                "https://github.com/python-pillow/Pillow/commit/8531b01d6cdf0b70f256f93092caa2a5d91afc11",
                                "https://linux.oracle.com/cve/CVE-2022-22817.html",
                                "https://linux.oracle.com/errata/ELSA-2022-0643.html",
                                "https://lists.debian.org/debian-lts-announce/2022/01/msg00018.html",
                                "https://lists.debian.org/debian-lts-announce/2024/03/msg00021.html",
                                "https://nvd.nist.gov/vuln/detail/CVE-2022-22817",
                                "https://pillow.readthedocs.io/en/stable/releasenotes/9.0.0.html#fixed-imagepath-path-array-handling",
                                "https://pillow.readthedocs.io/en/stable/releasenotes/9.0.0.html#restrict-builtins-available-to-imagemath-eval",
                                "https://pillow.readthedocs.io/en/stable/releasenotes/9.0.1.html#security",
                                "https://security.gentoo.org/glsa/202211-10",
                                "https://ubuntu.com/security/notices/USN-5227-1",
                                "https://ubuntu.com/security/notices/USN-5227-2",
                                "https://ubuntu.com/security/notices/USN-5227-3",
                                "https://www.cve.org/CVERecord?id=CVE-2022-22817",
                                "https://www.debian.org/security/2022/dsa-5053"
                            ],
                            "Description": "PIL.ImageMath.eval in Pillow before 9.0.0 allows evaluation of arbitrary expressions, such as ones that use the Python exec method. A lambda expression could also be used.",
                            "FixedVersion": "9.0.1",
                            "PkgIdentifier": {
                                "UID": "e0ce1a27d26b25e5",
                                "PURL": "pkg:pypi/pillow@8.2.0"
                            },
                            "PublishedDate": "2022-01-10T14:12:55.16Z",
                            "SeveritySource": "ghsa",
                            "VendorSeverity": {
                                "nvd": 4,
                                "alma": 3,
                                "ghsa": 4,
                                "rocky": 3,
                                "amazon": 3,
                                "redhat": 3,
                                "ubuntu": 2,
                                "bitnami": 4,
                                "oracle-oval": 3
                            },
                            "VulnerabilityID": "CVE-2022-22817",
                            "InstalledVersion": "8.2.0",
                            "LastModifiedDate": "2024-11-21T06:47:30.477Z"
                        },
                        {
                            "CVSS": {
                                "nvd": {
                                    "V3Score": 8.1,
                                    "V3Vector": "CVSS:3.1/AV:N/AC:H/PR:N/UI:N/S:U/C:H/I:H/A:H"
                                },
                                "ghsa": {
                                    "V3Score": 8.1,
                                    "V3Vector": "CVSS:3.1/AV:N/AC:H/PR:N/UI:N/S:U/C:H/I:H/A:H",
                                    "V40Score": 9.3,
                                    "V40Vector": "CVSS:4.0/AV:N/AC:L/AT:N/PR:N/UI:N/VC:H/VI:H/VA:H/SC:N/SI:N/SA:N"
                                },
                                "redhat": {
                                    "V3Score": 8.1,
                                    "V3Vector": "CVSS:3.1/AV:N/AC:H/PR:N/UI:N/S:U/C:H/I:H/A:H"
                                },
                                "bitnami": {
                                    "V3Score": 8.1,
                                    "V3Vector": "CVSS:3.1/AV:N/AC:H/PR:N/UI:N/S:U/C:H/I:H/A:H"
                                }
                            },
                            "Title": "pillow: Arbitrary Code Execution via the environment parameter",
                            "CweIDs": [
                                "CWE-94",
                                "CWE-95"
                            ],
                            "Status": "fixed",
                            "PkgName": "Pillow",
                            "Severity": "CRITICAL",
                            "DataSource": {
                                "ID": "ghsa",
                                "URL": "https://github.com/advisories?query=type%3Areviewed+ecosystem%3Apip",
                                "Name": "GitHub Security Advisory pip"
                            },
                            "PrimaryURL": "https://avd.aquasec.com/nvd/cve-2023-50447",
                            "References": [
                                "http://www.openwall.com/lists/oss-security/2024/01/20/1",
                                "https://access.redhat.com/errata/RHSA-2024:0893",
                                "https://access.redhat.com/security/cve/CVE-2023-50447",
                                "https://bugzilla.redhat.com/2259479",
                                "https://devhub.checkmarx.com/cve-details/CVE-2023-50447",
                                "https://devhub.checkmarx.com/cve-details/CVE-2023-50447/",
                                "https://duartecsantos.github.io/2023-01-02-CVE-2023-50447",
                                "https://duartecsantos.github.io/2023-01-02-CVE-2023-50447/",
                                "https://duartecsantos.github.io/2024-01-02-CVE-2023-50447",
                                "https://duartecsantos.github.io/2024-01-02-CVE-2023-50447/",
                                "https://errata.almalinux.org/8/ALSA-2024-0893.html",
                                "https://github.com/python-pillow/Pillow",
                                "https://github.com/python-pillow/Pillow/commit/45c726fd4daa63236a8f3653530f297dc87b160a",
                                "https://github.com/python-pillow/Pillow/releases",
                                "https://linux.oracle.com/cve/CVE-2023-50447.html",
                                "https://linux.oracle.com/errata/ELSA-2024-0893.html",
                                "https://lists.debian.org/debian-lts-announce/2024/01/msg00019.html",
                                "https://nvd.nist.gov/vuln/detail/CVE-2023-50447",
                                "https://pillow.readthedocs.io/en/stable/releasenotes/10.2.0.html#imagemath-eval-restricted-environment-keys",
                                "https://pillow.readthedocs.io/en/stable/releasenotes/10.2.0.html#security",
                                "https://ubuntu.com/security/notices/USN-6618-1",
                                "https://www.cve.org/CVERecord?id=CVE-2023-50447"
                            ],
                            "Description": "Pillow through 10.1.0 allows PIL.ImageMath.eval Arbitrary Code Execution via the environment parameter, a different vulnerability than CVE-2022-22817 (which was about the expression parameter).",
                            "FixedVersion": "10.2.0",
                            "PkgIdentifier": {
                                "UID": "e0ce1a27d26b25e5",
                                "PURL": "pkg:pypi/pillow@8.2.0"
                            },
                            "PublishedDate": "2024-01-19T20:15:11.87Z",
                            "SeveritySource": "ghsa",
                            "VendorSeverity": {
                                "nvd": 3,
                                "alma": 3,
                                "ghsa": 4,
                                "amazon": 3,
                                "redhat": 3,
                                "ubuntu": 2,
                                "bitnami": 3,
                                "oracle-oval": 3
                            },
                            "VulnerabilityID": "CVE-2023-50447",
                            "InstalledVersion": "8.2.0",
                            "LastModifiedDate": "2024-11-21T08:37:00.967Z"
                        },
                        {
                            "CVSS": {
                                "nvd": {
                                    "V2Score": 5,
                                    "V3Score": 7.5,
                                    "V2Vector": "AV:N/AC:L/Au:N/C:N/I:N/A:P",
                                    "V3Vector": "CVSS:3.1/AV:N/AC:L/PR:N/UI:N/S:U/C:N/I:N/A:H"
                                },
                                "ghsa": {
                                    "V3Score": 7.5,
                                    "V3Vector": "CVSS:3.1/AV:N/AC:L/PR:N/UI:N/S:U/C:N/I:N/A:H",
                                    "V40Score": 8.7,
                                    "V40Vector": "CVSS:4.0/AV:N/AC:L/AT:N/PR:N/UI:N/VC:N/VI:N/VA:H/SC:N/SI:N/SA:N"
                                },
                                "redhat": {
                                    "V3Score": 7.5,
                                    "V3Vector": "CVSS:3.1/AV:N/AC:L/PR:N/UI:N/S:U/C:N/I:N/A:H"
                                },
                                "bitnami": {
                                    "V3Score": 7.5,
                                    "V3Vector": "CVSS:3.1/AV:N/AC:L/PR:N/UI:N/S:U/C:N/I:N/A:H"
                                }
                            },
                            "Title": "python-pillow: possible ReDoS via the getrgb function",
                            "CweIDs": [
                                "CWE-125"
                            ],
                            "Status": "fixed",
                            "PkgName": "Pillow",
                            "Severity": "HIGH",
                            "DataSource": {
                                "ID": "ghsa",
                                "URL": "https://github.com/advisories?query=type%3Areviewed+ecosystem%3Apip",
                                "Name": "GitHub Security Advisory pip"
                            },
                            "PrimaryURL": "https://avd.aquasec.com/nvd/cve-2021-23437",
                            "References": [
                                "https://access.redhat.com/security/cve/CVE-2021-23437",
                                "https://github.com/advisories/GHSA-98vv-pw6r-q6q4",
                                "https://github.com/pypa/advisory-database/tree/main/vulns/pillow/PYSEC-2021-317.yaml",
                                "https://github.com/python-pillow/Pillow",
                                "https://github.com/python-pillow/Pillow/commit/9e08eb8f78fdfd2f476e1b20b7cf38683754866b",
                                "https://lists.debian.org/debian-lts-announce/2024/03/msg00021.html",
                                "https://lists.fedoraproject.org/archives/list/package-announce%40lists.fedoraproject.org/message/RNSG6VFXTAROGF7ACYLMAZNQV4EJ6I2C",
                                "https://lists.fedoraproject.org/archives/list/package-announce%40lists.fedoraproject.org/message/RNSG6VFXTAROGF7ACYLMAZNQV4EJ6I2C/",
                                "https://lists.fedoraproject.org/archives/list/package-announce%40lists.fedoraproject.org/message/VKRCL7KKAKOXCVD7M6WC5OKFGL4L3SJT",
                                "https://lists.fedoraproject.org/archives/list/package-announce%40lists.fedoraproject.org/message/VKRCL7KKAKOXCVD7M6WC5OKFGL4L3SJT/",
                                "https://lists.fedoraproject.org/archives/list/package-announce@lists.fedoraproject.org/message/RNSG6VFXTAROGF7ACYLMAZNQV4EJ6I2C",
                                "https://lists.fedoraproject.org/archives/list/package-announce@lists.fedoraproject.org/message/VKRCL7KKAKOXCVD7M6WC5OKFGL4L3SJT",
                                "https://nvd.nist.gov/vuln/detail/CVE-2021-23437",
                                "https://pillow.readthedocs.io/en/stable/releasenotes/8.3.2.html",
                                "https://security.gentoo.org/glsa/202211-10",
                                "https://snyk.io/vuln/SNYK-PYTHON-PILLOW-1319443",
                                "https://ubuntu.com/security/notices/USN-5227-1",
                                "https://ubuntu.com/security/notices/USN-5227-2",
                                "https://www.cve.org/CVERecord?id=CVE-2021-23437"
                            ],
                            "Description": "The package pillow 5.2.0 and before 8.3.2 are vulnerable to Regular Expression Denial of Service (ReDoS) via the getrgb function.",
                            "FixedVersion": "8.3.2",
                            "PkgIdentifier": {
                                "UID": "e0ce1a27d26b25e5",
                                "PURL": "pkg:pypi/pillow@8.2.0"
                            },
                            "PublishedDate": "2021-09-03T16:15:08.317Z",
                            "SeveritySource": "ghsa",
                            "VendorSeverity": {
                                "nvd": 3,
                                "ghsa": 3,
                                "amazon": 3,
                                "redhat": 2,
                                "ubuntu": 1,
                                "bitnami": 3
                            },
                            "VulnerabilityID": "CVE-2021-23437",
                            "InstalledVersion": "8.2.0",
                            "LastModifiedDate": "2024-11-21T05:51:45.487Z"
                        },
                        {
                            "CVSS": {
                                "nvd": {
                                    "V2Score": 6.4,
                                    "V3Score": 9.1,
                                    "V2Vector": "AV:N/AC:L/Au:N/C:N/I:P/A:P",
                                    "V3Vector": "CVSS:3.1/AV:N/AC:L/PR:N/UI:N/S:U/C:N/I:H/A:H"
                                },
                                "ghsa": {
                                    "V3Score": 9.1,
                                    "V3Vector": "CVSS:3.1/AV:N/AC:L/PR:N/UI:N/S:U/C:N/I:H/A:H",
                                    "V40Score": 8.8,
                                    "V40Vector": "CVSS:4.0/AV:N/AC:L/AT:N/PR:N/UI:N/VC:N/VI:H/VA:H/SC:N/SI:N/SA:N"
                                },
                                "redhat": {
                                    "V3Score": 7.4,
                                    "V3Vector": "CVSS:3.1/AV:N/AC:H/PR:N/UI:N/S:U/C:N/I:H/A:H"
                                },
                                "bitnami": {
                                    "V3Score": 9.1,
                                    "V3Vector": "CVSS:3.1/AV:N/AC:L/PR:N/UI:N/S:U/C:N/I:H/A:H"
                                }
                            },
                            "Title": "python-pillow: temporary directory with a space character allows removal of unrelated file after im.show() and related actions",
                            "Status": "fixed",
                            "PkgName": "Pillow",
                            "Severity": "HIGH",
                            "DataSource": {
                                "ID": "ghsa",
                                "URL": "https://github.com/advisories?query=type%3Areviewed+ecosystem%3Apip",
                                "Name": "GitHub Security Advisory pip"
                            },
                            "PrimaryURL": "https://avd.aquasec.com/nvd/cve-2022-24303",
                            "References": [
                                "https://access.redhat.com/security/cve/CVE-2022-24303",
                                "https://github.com/advisories/GHSA-9j59-75qj-795w",
                                "https://github.com/pypa/advisory-database/tree/main/vulns/pillow/PYSEC-2022-168.yaml",
                                "https://github.com/python-pillow/Pillow",
                                "https://github.com/python-pillow/Pillow/blob/e8ab5640774716c5486d3cb05167f74f742ad6ef/CHANGES.rst?plain=1#L1172",
                                "https://github.com/python-pillow/Pillow/commit/10c4f75aaa383bd9671e923e3b91d391ea12d781",
                                "https://github.com/python-pillow/Pillow/commit/143032103c9f2d55a0a7960bd3e630cb72549e8a",
                                "https://github.com/python-pillow/Pillow/commit/427221ef5f19157001bf8b1ad7cfe0b905ca8c26",
                                "https://github.com/python-pillow/Pillow/pull/3450",
                                "https://github.com/python-pillow/Pillow/pull/6010",
                                "https://lists.fedoraproject.org/archives/list/package-announce%40lists.fedoraproject.org/message/W4ZUXPKEX72O3E5IHBPVY5ZCPMJ4GHHV/",
                                "https://lists.fedoraproject.org/archives/list/package-announce%40lists.fedoraproject.org/message/XR6UP2XONXOVXI4446VY72R63YRO2YTP/",
                                "https://lists.fedoraproject.org/archives/list/package-announce@lists.fedoraproject.org/message/W4ZUXPKEX72O3E5IHBPVY5ZCPMJ4GHHV",
                                "https://lists.fedoraproject.org/archives/list/package-announce@lists.fedoraproject.org/message/XR6UP2XONXOVXI4446VY72R63YRO2YTP",
                                "https://nvd.nist.gov/vuln/detail/CVE-2022-24303",
                                "https://pillow.readthedocs.io/en/stable/releasenotes/9.0.1.html",
                                "https://pillow.readthedocs.io/en/stable/releasenotes/9.0.1.html#security",
                                "https://security.gentoo.org/glsa/202211-10",
                                "https://ubuntu.com/security/notices/USN-5777-1",
                                "https://ubuntu.com/security/notices/USN-5777-2",
                                "https://www.cve.org/CVERecord?id=CVE-2022-24303"
                            ],
                            "Description": "Pillow before 9.0.1 allows attackers to delete files because spaces in temporary pathnames are mishandled.",
                            "FixedVersion": "9.0.1",
                            "PkgIdentifier": {
                                "UID": "e0ce1a27d26b25e5",
                                "PURL": "pkg:pypi/pillow@8.2.0"
                            },
                            "PublishedDate": "2022-03-28T02:15:07.14Z",
                            "SeveritySource": "ghsa",
                            "VendorSeverity": {
                                "nvd": 4,
                                "ghsa": 3,
                                "redhat": 2,
                                "ubuntu": 1,
                                "bitnami": 4
                            },
                            "VulnerabilityID": "CVE-2022-24303",
                            "InstalledVersion": "8.2.0",
                            "LastModifiedDate": "2024-11-21T06:50:07.9Z"
                        },
                        {
                            "CVSS": {
                                "nvd": {
                                    "V3Score": 7.5,
                                    "V3Vector": "CVSS:3.1/AV:N/AC:L/PR:N/UI:N/S:U/C:N/I:N/A:H"
                                },
                                "ghsa": {
                                    "V3Score": 7.5,
                                    "V3Vector": "CVSS:3.1/AV:N/AC:L/PR:N/UI:N/S:U/C:N/I:N/A:H",
                                    "V40Score": 8.7,
                                    "V40Vector": "CVSS:4.0/AV:N/AC:L/AT:N/PR:N/UI:N/VC:N/VI:N/VA:H/SC:N/SI:N/SA:N"
                                },
                                "bitnami": {
                                    "V3Score": 7.5,
                                    "V3Vector": "CVSS:3.1/AV:N/AC:L/PR:N/UI:N/S:U/C:N/I:N/A:H"
                                }
                            },
                            "Title": "Pillow before 9.2.0 performs Improper Handling of Highly Compressed GI ...",
                            "Status": "fixed",
                            "PkgName": "Pillow",
                            "Severity": "HIGH",
                            "DataSource": {
                                "ID": "ghsa",
                                "URL": "https://github.com/advisories?query=type%3Areviewed+ecosystem%3Apip",
                                "Name": "GitHub Security Advisory pip"
                            },
                            "PrimaryURL": "https://avd.aquasec.com/nvd/cve-2022-45198",
                            "References": [
                                "https://bugs.gentoo.org/855683",
                                "https://cwe.mitre.org/data/definitions/409.html",
                                "https://github.com/pypa/advisory-database/tree/main/vulns/pillow/PYSEC-2022-42979.yaml",
                                "https://github.com/python-pillow/Pillow",
                                "https://github.com/python-pillow/Pillow/commit/11918eac0628ec8ac0812670d9838361ead2d6a4",
                                "https://github.com/python-pillow/Pillow/pull/6402",
                                "https://github.com/python-pillow/Pillow/pull/6402/commits/c9f1b35e981075110a23487a8d4a6cbb59a588ea",
                                "https://github.com/python-pillow/Pillow/releases/tag/9.2.0",
                                "https://nvd.nist.gov/vuln/detail/CVE-2022-45198",
                                "https://security.gentoo.org/glsa/202211-10",
                                "https://ubuntu.com/security/notices/USN-5777-1",
                                "https://ubuntu.com/security/notices/USN-5777-2",
                                "https://www.cve.org/CVERecord?id=CVE-2022-45198"
                            ],
                            "Description": "Pillow before 9.2.0 performs Improper Handling of Highly Compressed GIF Data (Data Amplification).",
                            "FixedVersion": "9.2.0",
                            "PkgIdentifier": {
                                "UID": "e0ce1a27d26b25e5",
                                "PURL": "pkg:pypi/pillow@8.2.0"
                            },
                            "PublishedDate": "2022-11-14T07:15:10.347Z",
                            "SeveritySource": "ghsa",
                            "VendorSeverity": {
                                "nvd": 3,
                                "ghsa": 3,
                                "amazon": 3,
                                "ubuntu": 1,
                                "bitnami": 3
                            },
                            "VulnerabilityID": "CVE-2022-45198",
                            "InstalledVersion": "8.2.0",
                            "LastModifiedDate": "2024-11-21T07:28:56.987Z"
                        },
                        {
                            "CVSS": {
                                "nvd": {
                                    "V3Score": 7.5,
                                    "V3Vector": "CVSS:3.1/AV:N/AC:L/PR:N/UI:N/S:U/C:N/I:N/A:H"
                                },
                                "ghsa": {
                                    "V3Score": 7.5,
                                    "V3Vector": "CVSS:3.1/AV:N/AC:L/PR:N/UI:N/S:U/C:N/I:N/A:H",
                                    "V40Score": 8.7,
                                    "V40Vector": "CVSS:4.0/AV:N/AC:L/AT:N/PR:N/UI:N/VC:N/VI:N/VA:H/SC:N/SI:N/SA:N"
                                },
                                "redhat": {
                                    "V3Score": 7.5,
                                    "V3Vector": "CVSS:3.1/AV:N/AC:L/PR:N/UI:N/S:U/C:N/I:N/A:H"
                                },
                                "bitnami": {
                                    "V3Score": 7.5,
                                    "V3Vector": "CVSS:3.1/AV:N/AC:L/PR:N/UI:N/S:U/C:N/I:N/A:H"
                                }
                            },
                            "Title": "python-pillow: uncontrolled resource consumption when textlength in an ImageDraw instance operates on a long text argument",
                            "CweIDs": [
                                "CWE-770"
                            ],
                            "Status": "fixed",
                            "PkgName": "Pillow",
                            "Severity": "HIGH",
                            "DataSource": {
                                "ID": "ghsa",
                                "URL": "https://github.com/advisories?query=type%3Areviewed+ecosystem%3Apip",
                                "Name": "GitHub Security Advisory pip"
                            },
                            "PrimaryURL": "https://avd.aquasec.com/nvd/cve-2023-44271",
                            "References": [
                                "https://access.redhat.com/errata/RHSA-2024:3005",
                                "https://access.redhat.com/security/cve/CVE-2023-44271",
                                "https://bugzilla.redhat.com/2247820",
                                "https://bugzilla.redhat.com/show_bug.cgi?id=2247820",
                                "https://cve.mitre.org/cgi-bin/cvename.cgi?name=CVE-2023-44271",
                                "https://devhub.checkmarx.com/cve-details/CVE-2023-44271",
                                "https://devhub.checkmarx.com/cve-details/CVE-2023-44271/",
                                "https://errata.almalinux.org/8/ALSA-2024-3005.html",
                                "https://errata.rockylinux.org/RLSA-2024:3005",
                                "https://github.com/pypa/advisory-database/tree/main/vulns/pillow/PYSEC-2023-227.yaml",
                                "https://github.com/python-pillow/Pillow",
                                "https://github.com/python-pillow/Pillow/commit/1fe1bb49c452b0318cad12ea9d97c3bef188e9a7",
                                "https://github.com/python-pillow/Pillow/pull/7244",
                                "https://linux.oracle.com/cve/CVE-2023-44271.html",
                                "https://linux.oracle.com/errata/ELSA-2024-3005.html",
                                "https://lists.debian.org/debian-lts-announce/2024/03/msg00021.html",
                                "https://lists.fedoraproject.org/archives/list/package-announce%40lists.fedoraproject.org/message/N2JOEDUJDQLCUII2LQYZYSM7RJL2I3P4",
                                "https://lists.fedoraproject.org/archives/list/package-announce%40lists.fedoraproject.org/message/N2JOEDUJDQLCUII2LQYZYSM7RJL2I3P4/",
                                "https://nvd.nist.gov/vuln/detail/CVE-2023-44271",
                                "https://ubuntu.com/security/notices/USN-6618-1",
                                "https://www.cve.org/CVERecord?id=CVE-2023-44271"
                            ],
                            "Description": "An issue was discovered in Pillow before 10.0.0. It is a Denial of Service that uncontrollably allocates memory to process a given task, potentially causing a service to crash by having it run out of memory. This occurs for truetype in ImageFont when textlength in an ImageDraw instance operates on a long text argument.",
                            "FixedVersion": "10.0.0",
                            "PkgIdentifier": {
                                "UID": "e0ce1a27d26b25e5",
                                "PURL": "pkg:pypi/pillow@8.2.0"
                            },
                            "PublishedDate": "2023-11-03T05:15:30.137Z",
                            "SeveritySource": "ghsa",
                            "VendorSeverity": {
                                "nvd": 3,
                                "alma": 2,
                                "ghsa": 3,
                                "rocky": 2,
                                "amazon": 2,
                                "redhat": 2,
                                "ubuntu": 1,
                                "bitnami": 3,
                                "oracle-oval": 2
                            },
                            "VulnerabilityID": "CVE-2023-44271",
                            "InstalledVersion": "8.2.0",
                            "LastModifiedDate": "2024-11-21T08:25:33.61Z"
                        },
                        {
                            "CVSS": {
                                "nvd": {
                                    "V3Score": 8.8,
                                    "V3Vector": "CVSS:3.1/AV:N/AC:L/PR:N/UI:R/S:U/C:H/I:H/A:H"
                                },
                                "ghsa": {
                                    "V3Score": 8.8,
                                    "V3Vector": "CVSS:3.1/AV:N/AC:L/PR:N/UI:R/S:U/C:H/I:H/A:H"
                                },
                                "redhat": {
                                    "V3Score": 9.6,
                                    "V3Vector": "CVSS:3.1/AV:N/AC:L/PR:N/UI:R/S:C/C:H/I:H/A:H"
                                }
                            },
                            "Title": "libwebp: Heap buffer overflow in WebP Codec",
                            "CweIDs": [
                                "CWE-787"
                            ],
                            "Status": "fixed",
                            "PkgName": "Pillow",
                            "Severity": "HIGH",
                            "DataSource": {
                                "ID": "ghsa",
                                "URL": "https://github.com/advisories?query=type%3Areviewed+ecosystem%3Apip",
                                "Name": "GitHub Security Advisory pip"
                            },
                            "PrimaryURL": "https://avd.aquasec.com/nvd/cve-2023-4863",
                            "References": [
                                "http://www.openwall.com/lists/oss-security/2023/09/21/4",
                                "http://www.openwall.com/lists/oss-security/2023/09/22/1",
                                "http://www.openwall.com/lists/oss-security/2023/09/22/3",
                                "http://www.openwall.com/lists/oss-security/2023/09/22/4",
                                "http://www.openwall.com/lists/oss-security/2023/09/22/5",
                                "http://www.openwall.com/lists/oss-security/2023/09/22/6",
                                "http://www.openwall.com/lists/oss-security/2023/09/22/7",
                                "http://www.openwall.com/lists/oss-security/2023/09/22/8",
                                "http://www.openwall.com/lists/oss-security/2023/09/26/1",
                                "http://www.openwall.com/lists/oss-security/2023/09/26/7",
                                "http://www.openwall.com/lists/oss-security/2023/09/28/1",
                                "http://www.openwall.com/lists/oss-security/2023/09/28/2",
                                "http://www.openwall.com/lists/oss-security/2023/09/28/4",
                                "https://access.redhat.com/errata/RHSA-2023:5224",
                                "https://access.redhat.com/security/cve/CVE-2023-4863",
                                "https://adamcaudill.com/2023/09/14/whose-cve-is-it-anyway",
                                "https://adamcaudill.com/2023/09/14/whose-cve-is-it-anyway/",
                                "https://blog.isosceles.com/the-webp-0day",
                                "https://blog.isosceles.com/the-webp-0day/",
                                "https://bugzilla.redhat.com/2238431",
                                "https://bugzilla.redhat.com/show_bug.cgi?id=2238431",
                                "https://bugzilla.suse.com/show_bug.cgi?id=1215231",
                                "https://chromereleases.googleblog.com/2023/09/stable-channel-update-for-desktop_11.html",
                                "https://chromereleases.googleblog.com/2023/09/stable-channel-update-for-desktop_12.html",
                                "https://chromium.googlesource.com/webm/libwebp.git/+/902bc9190331343b2017211debcec8d2ab87e17a",
                                "https://crbug.com/1479274",
                                "https://cve.mitre.org/cgi-bin/cvename.cgi?name=CVE-2023-4863",
                                "https://cve.mitre.org/cgi-bin/cvename.cgi?name=CVE-2023-5129",
                                "https://en.bandisoft.com/honeyview/history",
                                "https://en.bandisoft.com/honeyview/history/",
                                "https://errata.almalinux.org/9/ALSA-2023-5224.html",
                                "https://errata.rockylinux.org/RLSA-2023:5214",
                                "https://github.com/ImageMagick/ImageMagick/discussions/6664",
                                "https://github.com/dlemstra/Magick.NET/releases/tag/13.3.0",
                                "https://github.com/electron/electron/pull/39823",
                                "https://github.com/electron/electron/pull/39825",
                                "https://github.com/electron/electron/pull/39826",
                                "https://github.com/electron/electron/pull/39827",
                                "https://github.com/electron/electron/pull/39828",
                                "https://github.com/jaredforth/webp/commit/9d4c56e63abecc777df71c702503c3eaabd7dcbc",
                                "https://github.com/jaredforth/webp/pull/30",
                                "https://github.com/python-pillow/Pillow/pull/7395",
                                "https://github.com/qnighy/libwebp-sys2-rs/commit/4560c473a76ec8bd8c650f19ddf9d7a44f719f8b",
                                "https://github.com/qnighy/libwebp-sys2-rs/pull/21",
                                "https://github.com/webmproject/libwebp",
                                "https://github.com/webmproject/libwebp/commit/902bc9190331343b2017211debcec8d2ab87e17a",
                                "https://github.com/webmproject/libwebp/releases/tag/v1.3.2",
                                "https://linux.oracle.com/cve/CVE-2023-4863.html",
                                "https://linux.oracle.com/errata/ELSA-2023-5309.html",
                                "https://lists.debian.org/debian-lts-announce/2023/09/msg00015.html",
                                "https://lists.debian.org/debian-lts-announce/2023/09/msg00016.html",
                                "https://lists.debian.org/debian-lts-announce/2023/09/msg00017.html",
                                "https://lists.fedoraproject.org/archives/list/package-announce@lists.fedoraproject.org/message/6T655QF7CQ3DYAMPFV7IECQYGDEUIVVT",
                                "https://lists.fedoraproject.org/archives/list/package-announce@lists.fedoraproject.org/message/6T655QF7CQ3DYAMPFV7IECQYGDEUIVVT/",
                                "https://lists.fedoraproject.org/archives/list/package-announce@lists.fedoraproject.org/message/FYYKLG6CRGEDTNRBSU26EEWAO6D6U645",
                                "https://lists.fedoraproject.org/archives/list/package-announce@lists.fedoraproject.org/message/FYYKLG6CRGEDTNRBSU26EEWAO6D6U645/",
                                "https://lists.fedoraproject.org/archives/list/package-announce@lists.fedoraproject.org/message/KUQ7CTX3W372X3UY56VVNAHCH6H2F4X3",
                                "https://lists.fedoraproject.org/archives/list/package-announce@lists.fedoraproject.org/message/KUQ7CTX3W372X3UY56VVNAHCH6H2F4X3/",
                                "https://lists.fedoraproject.org/archives/list/package-announce@lists.fedoraproject.org/message/OZDGWWMJREPAGKWCJKSCM4WYLANSKIFX",
                                "https://lists.fedoraproject.org/archives/list/package-announce@lists.fedoraproject.org/message/OZDGWWMJREPAGKWCJKSCM4WYLANSKIFX/",
                                "https://lists.fedoraproject.org/archives/list/package-announce@lists.fedoraproject.org/message/PYZV7TMKF4QHZ54SFJX54BDN52VHGGCX",
                                "https://lists.fedoraproject.org/archives/list/package-announce@lists.fedoraproject.org/message/PYZV7TMKF4QHZ54SFJX54BDN52VHGGCX/",
                                "https://lists.fedoraproject.org/archives/list/package-announce@lists.fedoraproject.org/message/WHOLML7N2G5KCAZXFWC5IDFFHSQS5SDB",
                                "https://lists.fedoraproject.org/archives/list/package-announce@lists.fedoraproject.org/message/WHOLML7N2G5KCAZXFWC5IDFFHSQS5SDB/",
                                "https://lists.fedoraproject.org/archives/list/package-announce@lists.fedoraproject.org/message/WTRUIS3564P7ZLM2S2IH4Y4KZ327LI4I",
                                "https://lists.fedoraproject.org/archives/list/package-announce@lists.fedoraproject.org/message/WTRUIS3564P7ZLM2S2IH4Y4KZ327LI4I/",
                                "https://msrc.microsoft.com/update-guide/vulnerability/CVE-2023-4863",
                                "https://news.ycombinator.com/item?id=37478403",
                                "https://nvd.nist.gov/vuln/detail/CVE-2023-4863",
                                "https://pillow.readthedocs.io/en/stable/releasenotes/10.0.1.html#security",
                                "https://rustsec.org/advisories/RUSTSEC-2023-0060.html",
                                "https://rustsec.org/advisories/RUSTSEC-2023-0061.html",
                                "https://security-tracker.debian.org/tracker/CVE-2023-4863",
                                "https://security.gentoo.org/glsa/202309-05",
                                "https://security.gentoo.org/glsa/202401-10",
                                "https://security.netapp.com/advisory/ntap-20230929-0011",
                                "https://security.netapp.com/advisory/ntap-20230929-0011/",
                                "https://sethmlarson.dev/security-developer-in-residence-weekly-report-16",
                                "https://stackdiary.com/critical-vulnerability-in-webp-codec-cve-2023-4863",
                                "https://stackdiary.com/critical-vulnerability-in-webp-codec-cve-2023-4863/",
                                "https://ubuntu.com/security/notices/USN-6367-1",
                                "https://ubuntu.com/security/notices/USN-6368-1",
                                "https://ubuntu.com/security/notices/USN-6369-1",
                                "https://ubuntu.com/security/notices/USN-6369-2",
                                "https://www.bentley.com/advisories/be-2023-0001",
                                "https://www.bentley.com/advisories/be-2023-0001/",
                                "https://www.bleepingcomputer.com/news/google/google-fixes-another-chrome-zero-day-bug-exploited-in-attacks",
                                "https://www.bleepingcomputer.com/news/google/google-fixes-another-chrome-zero-day-bug-exploited-in-attacks/",
                                "https://www.cisa.gov/known-exploited-vulnerabilities-catalog",
                                "https://www.cisa.gov/known-exploited-vulnerabilities-catalog?field_cve=CVE-2023-4863",
                                "https://www.cve.org/CVERecord?id=CVE-2023-4863",
                                "https://www.debian.org/security/2023/dsa-5496",
                                "https://www.debian.org/security/2023/dsa-5497",
                                "https://www.debian.org/security/2023/dsa-5498",
                                "https://www.mozilla.org/en-US/security/advisories/mfsa2023-40",
                                "https://www.mozilla.org/en-US/security/advisories/mfsa2023-40/",
                                "https://www.vicarius.io/vsociety/posts/zero-day-webp-vulnerability-cve-2023-4863"
                            ],
                            "Description": "Heap buffer overflow in libwebp in Google Chrome prior to 116.0.5845.187 and libwebp 1.3.2 allowed a remote attacker to perform an out of bounds memory write via a crafted HTML page. (Chromium security severity: Critical)",
                            "FixedVersion": "10.0.1",
                            "PkgIdentifier": {
                                "UID": "e0ce1a27d26b25e5",
                                "PURL": "pkg:pypi/pillow@8.2.0"
                            },
                            "PublishedDate": "2023-09-12T15:15:24.327Z",
                            "SeveritySource": "ghsa",
                            "VendorSeverity": {
                                "nvd": 3,
                                "alma": 3,
                                "ghsa": 3,
                                "rocky": 3,
                                "amazon": 3,
                                "photon": 3,
                                "redhat": 3,
                                "ubuntu": 2,
                                "cbl-mariner": 3,
                                "oracle-oval": 3
                            },
                            "VulnerabilityID": "CVE-2023-4863",
                            "InstalledVersion": "8.2.0",
                            "LastModifiedDate": "2025-10-24T14:07:28.793Z"
                        },
                        {
                            "CVSS": {
                                "nvd": {
                                    "V3Score": 5.9,
                                    "V3Vector": "CVSS:3.1/AV:N/AC:H/PR:N/UI:N/S:U/C:N/I:N/A:H"
                                },
                                "ghsa": {
                                    "V3Score": 6.7,
                                    "V3Vector": "CVSS:3.1/AV:L/AC:H/PR:L/UI:R/S:U/C:H/I:H/A:H",
                                    "V40Score": 7.3,
                                    "V40Vector": "CVSS:4.0/AV:N/AC:L/AT:P/PR:L/UI:A/VC:H/VI:H/VA:H/SC:N/SI:N/SA:N"
                                },
                                "redhat": {
                                    "V3Score": 6.5,
                                    "V3Vector": "CVSS:3.1/AV:N/AC:H/PR:N/UI:N/S:U/C:N/I:L/A:H"
                                },
                                "bitnami": {
                                    "V3Score": 5.9,
                                    "V3Vector": "CVSS:3.1/AV:N/AC:H/PR:N/UI:N/S:U/C:N/I:N/A:H"
                                }
                            },
                            "Title": "python-pillow: buffer overflow in _imagingcms.c",
                            "CweIDs": [
                                "CWE-680"
                            ],
                            "Status": "fixed",
                            "PkgName": "Pillow",
                            "Severity": "HIGH",
                            "DataSource": {
                                "ID": "ghsa",
                                "URL": "https://github.com/advisories?query=type%3Areviewed+ecosystem%3Apip",
                                "Name": "GitHub Security Advisory pip"
                            },
                            "PrimaryURL": "https://avd.aquasec.com/nvd/cve-2024-28219",
                            "References": [
                                "https://access.redhat.com/errata/RHSA-2024:4227",
                                "https://access.redhat.com/security/cve/CVE-2024-28219",
                                "https://bugzilla.redhat.com/2272563",
                                "https://bugzilla.redhat.com/show_bug.cgi?id=2272563",
                                "https://cve.mitre.org/cgi-bin/cvename.cgi?name=CVE-2024-28219",
                                "https://errata.almalinux.org/8/ALSA-2024-4227.html",
                                "https://errata.rockylinux.org/RLSA-2024:4227",
                                "https://github.com/advisories/GHSA-44wm-f244-xhp3",
                                "https://github.com/python-pillow/Pillow",
                                "https://github.com/python-pillow/Pillow/commit/2a93aba5cfcf6e241ab4f9392c13e3b74032c061",
                                "https://linux.oracle.com/cve/CVE-2024-28219.html",
                                "https://linux.oracle.com/errata/ELSA-2024-4227.html",
                                "https://lists.debian.org/debian-lts-announce/2024/04/msg00008.html",
                                "https://lists.fedoraproject.org/archives/list/package-announce%40lists.fedoraproject.org/message/4XLPUT3VK4GQ6EVY525TT2QNUIXNRU5M",
                                "https://lists.fedoraproject.org/archives/list/package-announce%40lists.fedoraproject.org/message/4XLPUT3VK4GQ6EVY525TT2QNUIXNRU5M/",
                                "https://lists.fedoraproject.org/archives/list/package-announce@lists.fedoraproject.org/message/4XLPUT3VK4GQ6EVY525TT2QNUIXNRU5M/",
                                "https://nvd.nist.gov/vuln/detail/CVE-2024-28219",
                                "https://pillow.readthedocs.io/en/stable/releasenotes/10.3.0.html#security",
                                "https://ubuntu.com/security/notices/USN-6744-1",
                                "https://ubuntu.com/security/notices/USN-6744-2",
                                "https://ubuntu.com/security/notices/USN-6744-3",
                                "https://www.cve.org/CVERecord?id=CVE-2024-28219"
                            ],
                            "Description": "In _imagingcms.c in Pillow before 10.3.0, a buffer overflow exists because strcpy is used instead of strncpy.",
                            "FixedVersion": "10.3.0",
                            "PkgIdentifier": {
                                "UID": "e0ce1a27d26b25e5",
                                "PURL": "pkg:pypi/pillow@8.2.0"
                            },
                            "PublishedDate": "2024-04-03T03:15:09.71Z",
                            "SeveritySource": "ghsa",
                            "VendorSeverity": {
                                "nvd": 2,
                                "alma": 2,
                                "ghsa": 3,
                                "rocky": 2,
                                "amazon": 2,
                                "redhat": 2,
                                "ubuntu": 2,
                                "bitnami": 2,
                                "oracle-oval": 2
                            },
                            "VulnerabilityID": "CVE-2024-28219",
                            "InstalledVersion": "8.2.0",
                            "LastModifiedDate": "2025-11-04T19:17:05.253Z"
                        },
                        {
                            "CVSS": {
                                "nvd": {
                                    "V2Score": 6.4,
                                    "V3Score": 6.5,
                                    "V2Vector": "AV:N/AC:L/Au:N/C:N/I:P/A:P",
                                    "V3Vector": "CVSS:3.1/AV:N/AC:L/PR:N/UI:N/S:U/C:N/I:L/A:L"
                                },
                                "ghsa": {
                                    "V3Score": 6.5,
                                    "V3Vector": "CVSS:3.1/AV:N/AC:L/PR:N/UI:N/S:U/C:N/I:L/A:L",
                                    "V40Score": 6.9,
                                    "V40Vector": "CVSS:4.0/AV:N/AC:L/AT:N/PR:N/UI:N/VC:N/VI:L/VA:L/SC:N/SI:N/SA:N"
                                },
                                "redhat": {
                                    "V3Score": 6.5,
                                    "V3Vector": "CVSS:3.1/AV:N/AC:L/PR:N/UI:N/S:U/C:N/I:L/A:L"
                                },
                                "bitnami": {
                                    "V3Score": 6.5,
                                    "V3Vector": "CVSS:3.1/AV:N/AC:L/PR:N/UI:N/S:U/C:N/I:L/A:L"
                                }
                            },
                            "Title": "python-pillow: improperly initializes ImagePath.Path in path_getbbox() in path.c",
                            "CweIDs": [
                                "CWE-665"
                            ],
                            "Status": "fixed",
                            "PkgName": "Pillow",
                            "Severity": "MEDIUM",
                            "DataSource": {
                                "ID": "ghsa",
                                "URL": "https://github.com/advisories?query=type%3Areviewed+ecosystem%3Apip",
                                "Name": "GitHub Security Advisory pip"
                            },
                            "PrimaryURL": "https://avd.aquasec.com/nvd/cve-2022-22815",
                            "References": [
                                "https://access.redhat.com/security/cve/CVE-2022-22815",
                                "https://bugzilla.redhat.com/show_bug.cgi?id=2042522",
                                "https://bugzilla.redhat.com/show_bug.cgi?id=2042527",
                                "https://cve.mitre.org/cgi-bin/cvename.cgi?name=CVE-2022-22815",
                                "https://cve.mitre.org/cgi-bin/cvename.cgi?name=CVE-2022-22816",
                                "https://cve.mitre.org/cgi-bin/cvename.cgi?name=CVE-2022-22817",
                                "https://errata.almalinux.org/8/ALSA-2022-0643.html",
                                "https://errata.rockylinux.org/RLSA-2022:0643",
                                "https://github.com/advisories/GHSA-pw3c-h7wp-cvhx",
                                "https://github.com/pypa/advisory-database/tree/main/vulns/pillow/PYSEC-2022-8.yaml",
                                "https://github.com/python-pillow/Pillow",
                                "https://github.com/python-pillow/Pillow/blob/c5d9223a8b5e9295d15b5a9b1ef1dae44c8499f3/src/path.c#L331",
                                "https://github.com/python-pillow/Pillow/blob/e8ab5640774716c5486d3cb05167f74f742ad6ef/CHANGES.rst?plain=1#L1187",
                                "https://github.com/python-pillow/Pillow/commit/1e092419b6806495c683043ab3feb6ce264f3b9c",
                                "https://github.com/python-pillow/Pillow/commit/c48271ab354db49cdbd740bc45e13be4f0f7993c",
                                "https://github.com/python-pillow/Pillow/pull/5920",
                                "https://lists.debian.org/debian-lts-announce/2022/01/msg00018.html",
                                "https://nvd.nist.gov/vuln/detail/CVE-2022-22815",
                                "https://pillow.readthedocs.io/en/stable/releasenotes/9.0.0.html#fixed-imagepath-path-array-handling",
                                "https://security.gentoo.org/glsa/202211-10",
                                "https://ubuntu.com/security/notices/USN-5227-1",
                                "https://ubuntu.com/security/notices/USN-5227-2",
                                "https://www.cve.org/CVERecord?id=CVE-2022-22815",
                                "https://www.debian.org/security/2022/dsa-5053"
                            ],
                            "Description": "path_getbbox in path.c in Pillow before 9.0.0 improperly initializes ImagePath.Path.",
                            "FixedVersion": "9.0.0",
                            "PkgIdentifier": {
                                "UID": "e0ce1a27d26b25e5",
                                "PURL": "pkg:pypi/pillow@8.2.0"
                            },
                            "PublishedDate": "2022-01-10T14:12:54.423Z",
                            "SeveritySource": "ghsa",
                            "VendorSeverity": {
                                "nvd": 2,
                                "alma": 3,
                                "ghsa": 2,
                                "rocky": 3,
                                "amazon": 3,
                                "redhat": 2,
                                "ubuntu": 2,
                                "bitnami": 2
                            },
                            "VulnerabilityID": "CVE-2022-22815",
                            "InstalledVersion": "8.2.0",
                            "LastModifiedDate": "2024-11-21T06:47:30.173Z"
                        },
                        {
                            "CVSS": {
                                "nvd": {
                                    "V2Score": 6.4,
                                    "V3Score": 6.5,
                                    "V2Vector": "AV:N/AC:L/Au:N/C:N/I:P/A:P",
                                    "V3Vector": "CVSS:3.1/AV:N/AC:L/PR:N/UI:N/S:U/C:N/I:L/A:L"
                                },
                                "ghsa": {
                                    "V3Score": 6.5,
                                    "V3Vector": "CVSS:3.1/AV:N/AC:L/PR:N/UI:N/S:U/C:N/I:L/A:L",
                                    "V40Score": 6.9,
                                    "V40Vector": "CVSS:4.0/AV:N/AC:L/AT:N/PR:N/UI:N/VC:N/VI:L/VA:L/SC:N/SI:N/SA:N"
                                },
                                "redhat": {
                                    "V3Score": 6.5,
                                    "V3Vector": "CVSS:3.1/AV:N/AC:L/PR:N/UI:N/S:U/C:N/I:L/A:L"
                                },
                                "bitnami": {
                                    "V3Score": 6.5,
                                    "V3Vector": "CVSS:3.1/AV:N/AC:L/PR:N/UI:N/S:U/C:N/I:L/A:L"
                                }
                            },
                            "Title": "python-pillow: buffer over-read during initialization of ImagePath.Path in path_getbbox() in path.c",
                            "CweIDs": [
                                "CWE-125"
                            ],
                            "Status": "fixed",
                            "PkgName": "Pillow",
                            "Severity": "MEDIUM",
                            "DataSource": {
                                "ID": "ghsa",
                                "URL": "https://github.com/advisories?query=type%3Areviewed+ecosystem%3Apip",
                                "Name": "GitHub Security Advisory pip"
                            },
                            "PrimaryURL": "https://avd.aquasec.com/nvd/cve-2022-22816",
                            "References": [
                                "https://access.redhat.com/security/cve/CVE-2022-22816",
                                "https://bugzilla.redhat.com/show_bug.cgi?id=2042522",
                                "https://bugzilla.redhat.com/show_bug.cgi?id=2042527",
                                "https://cve.mitre.org/cgi-bin/cvename.cgi?name=CVE-2022-22815",
                                "https://cve.mitre.org/cgi-bin/cvename.cgi?name=CVE-2022-22816",
                                "https://cve.mitre.org/cgi-bin/cvename.cgi?name=CVE-2022-22817",
                                "https://errata.almalinux.org/8/ALSA-2022-0643.html",
                                "https://errata.rockylinux.org/RLSA-2022:0643",
                                "https://github.com/advisories/GHSA-xrcv-f9gm-v42c",
                                "https://github.com/pypa/advisory-database/tree/main/vulns/pillow/PYSEC-2022-9.yaml",
                                "https://github.com/python-pillow/Pillow",
                                "https://github.com/python-pillow/Pillow/blob/c5d9223a8b5e9295d15b5a9b1ef1dae44c8499f3/src/path.c#L331",
                                "https://github.com/python-pillow/Pillow/commit/5543e4e2d409cd9e409bc64cdc77be0af007a31f",
                                "https://github.com/python-pillow/Pillow/pull/5920",
                                "https://linux.oracle.com/cve/CVE-2022-22816.html",
                                "https://linux.oracle.com/errata/ELSA-2022-0643.html",
                                "https://lists.debian.org/debian-lts-announce/2022/01/msg00018.html",
                                "https://nvd.nist.gov/vuln/detail/CVE-2022-22816",
                                "https://pillow.readthedocs.io/en/stable/releasenotes/9.0.0.html#fixed-imagepath-path-array-handling",
                                "https://security.gentoo.org/glsa/202211-10",
                                "https://ubuntu.com/security/notices/USN-5227-1",
                                "https://ubuntu.com/security/notices/USN-5227-2",
                                "https://www.cve.org/CVERecord?id=CVE-2022-22816",
                                "https://www.debian.org/security/2022/dsa-5053"
                            ],
                            "Description": "path_getbbox in path.c in Pillow before 9.0.0 has a buffer over-read during initialization of ImagePath.Path.",
                            "FixedVersion": "9.0.0",
                            "PkgIdentifier": {
                                "UID": "e0ce1a27d26b25e5",
                                "PURL": "pkg:pypi/pillow@8.2.0"
                            },
                            "PublishedDate": "2022-01-10T14:12:54.813Z",
                            "SeveritySource": "ghsa",
                            "VendorSeverity": {
                                "nvd": 2,
                                "alma": 3,
                                "ghsa": 2,
                                "rocky": 3,
                                "amazon": 3,
                                "redhat": 2,
                                "ubuntu": 1,
                                "bitnami": 2,
                                "oracle-oval": 3
                            },
                            "VulnerabilityID": "CVE-2022-22816",
                            "InstalledVersion": "8.2.0",
                            "LastModifiedDate": "2024-11-21T06:47:30.333Z"
                        },
                        {
                            "Title": "Infinite loop in Pillow",
                            "Status": "fixed",
                            "PkgName": "Pillow",
                            "Severity": "LOW",
                            "DataSource": {
                                "ID": "ghsa",
                                "URL": "https://github.com/advisories?query=type%3Areviewed+ecosystem%3Apip",
                                "Name": "GitHub Security Advisory pip"
                            },
                            "PrimaryURL": "https://github.com/advisories/GHSA-4fx9-vc88-q2xc",
                            "References": [
                                "https://github.com/python-pillow/Pillow",
                                "https://github.com/python-pillow/Pillow/commit/baae9ec4b67c68e3adaf1208cf54e8de5e38a6fd",
                                "https://pillow.readthedocs.io/en/stable/releasenotes/9.0.0.html#ensure-jpegimageplugin-stops-at-the-end-of-a-truncated-file"
                            ],
                            "Description": "JpegImagePlugin may append an EOF marker to the end of a truncated file, so that the last segment of the data will still be processed by the decoder.\n\nIf the EOF marker is not detected as such however, this could lead to an infinite loop where JpegImagePlugin keeps trying to end the file.",
                            "FixedVersion": "9.0.0",
                            "PkgIdentifier": {
                                "UID": "e0ce1a27d26b25e5",
                                "PURL": "pkg:pypi/pillow@8.2.0"
                            },
                            "PublishedDate": "2022-03-11T23:39:27Z",
                            "SeveritySource": "ghsa",
                            "VendorSeverity": {
                                "ghsa": 1
                            },
                            "VulnerabilityID": "GHSA-4fx9-vc88-q2xc",
                            "InstalledVersion": "8.2.0",
                            "LastModifiedDate": "2022-03-11T23:39:27Z"
                        },
                        {
                            "CVSS": {
                                "nvd": {
                                    "V2Score": 5,
                                    "V3Score": 7.5,
                                    "V2Vector": "AV:N/AC:L/Au:N/C:N/I:P/A:N",
                                    "V3Vector": "CVSS:3.1/AV:N/AC:L/PR:N/UI:N/S:U/C:N/I:H/A:N"
                                },
                                "ghsa": {
                                    "V3Score": 7.4,
                                    "V3Vector": "CVSS:3.1/AV:N/AC:H/PR:N/UI:N/S:U/C:H/I:H/A:N"
                                },
                                "redhat": {
                                    "V3Score": 7.5,
                                    "V3Vector": "CVSS:3.1/AV:N/AC:L/PR:N/UI:N/S:U/C:N/I:H/A:N"
                                }
                            },
                            "Title": "python-jwt: Key confusion through non-blocklisted public key formats",
                            "CweIDs": [
                                "CWE-327"
                            ],
                            "Status": "fixed",
                            "PkgName": "PyJWT",
                            "Severity": "HIGH",
                            "DataSource": {
                                "ID": "ghsa",
                                "URL": "https://github.com/advisories?query=type%3Areviewed+ecosystem%3Apip",
                                "Name": "GitHub Security Advisory pip"
                            },
                            "PrimaryURL": "https://avd.aquasec.com/nvd/cve-2022-29217",
                            "References": [
                                "https://access.redhat.com/security/cve/CVE-2022-29217",
                                "https://github.com/jpadilla/pyjwt",
                                "https://github.com/jpadilla/pyjwt/commit/9c528670c455b8d948aff95ed50e22940d1ad3fc",
                                "https://github.com/jpadilla/pyjwt/commit/9c528670c455b8d948aff95ed50e22940d1ad3fc (2.4.0)",
                                "https://github.com/jpadilla/pyjwt/releases/tag/2.4.0",
                                "https://github.com/jpadilla/pyjwt/security/advisories/GHSA-ffqj-6fqr-9h24",
                                "https://github.com/pypa/advisory-database/tree/main/vulns/pyjwt/PYSEC-2022-202.yaml",
                                "https://lists.fedoraproject.org/archives/list/package-announce%40lists.fedoraproject.org/message/5PK7IQCBVNLYJEFTPHBBPFP72H4WUFNX/",
                                "https://lists.fedoraproject.org/archives/list/package-announce%40lists.fedoraproject.org/message/6HIYEYZRQEP6QTHT3EHH3RGFYJIHIMAO/",
                                "https://lists.fedoraproject.org/archives/list/package-announce@lists.fedoraproject.org/message/5PK7IQCBVNLYJEFTPHBBPFP72H4WUFNX",
                                "https://lists.fedoraproject.org/archives/list/package-announce@lists.fedoraproject.org/message/6HIYEYZRQEP6QTHT3EHH3RGFYJIHIMAO",
                                "https://nvd.nist.gov/vuln/detail/CVE-2022-29217",
                                "https://ubuntu.com/security/notices/USN-5526-1",
                                "https://ubuntu.com/security/notices/USN-5526-2",
                                "https://www.cve.org/CVERecord?id=CVE-2022-29217",
                                "https://www.vicarius.io/vsociety/posts/risky-algorithms-algorithm-confusion-in-pyjwt-cve-2022-29217"
                            ],
                            "Description": "PyJWT is a Python implementation of RFC 7519. PyJWT supports multiple different JWT signing algorithms. With JWT, an attacker submitting the JWT token can choose the used signing algorithm. The PyJWT library requires that the application chooses what algorithms are supported. The application can specify `jwt.algorithms.get_default_algorithms()` to get support for all algorithms, or specify a single algorithm. The issue is not that big as `algorithms=jwt.algorithms.get_default_algorithms()` has to be used. Users should upgrade to v2.4.0 to receive a patch for this issue. As a workaround, always be explicit with the algorithms that are accepted and expected when decoding.",
                            "FixedVersion": "2.4.0",
                            "PkgIdentifier": {
                                "UID": "b1dd5b3e3e39ce73",
                                "PURL": "pkg:pypi/pyjwt@1.7.1"
                            },
                            "PublishedDate": "2022-05-24T15:15:07.767Z",
                            "SeveritySource": "ghsa",
                            "VendorSeverity": {
                                "nvd": 3,
                                "ghsa": 3,
                                "amazon": 2,
                                "redhat": 2,
                                "ubuntu": 2,
                                "cbl-mariner": 3
                            },
                            "VulnerabilityID": "CVE-2022-29217",
                            "InstalledVersion": "1.7.1",
                            "LastModifiedDate": "2024-11-21T06:58:44.463Z"
                        },
                        {
                            "CVSS": {
                                "nvd": {
                                    "V3Score": 7.5,
                                    "V3Vector": "CVSS:3.1/AV:N/AC:L/PR:N/UI:N/S:U/C:N/I:N/A:H"
                                },
                                "ghsa": {
                                    "V3Score": 7.5,
                                    "V3Vector": "CVSS:3.1/AV:N/AC:L/PR:N/UI:N/S:U/C:N/I:N/A:H"
                                },
                                "redhat": {
                                    "V3Score": 7.5,
                                    "V3Vector": "CVSS:3.1/AV:N/AC:L/PR:N/UI:N/S:U/C:N/I:N/A:H"
                                }
                            },
                            "Title": "python-werkzeug: high resource usage when parsing multipart form data with many fields",
                            "CweIDs": [
                                "CWE-770"
                            ],
                            "Status": "fixed",
                            "PkgName": "Werkzeug",
                            "Severity": "HIGH",
                            "DataSource": {
                                "ID": "ghsa",
                                "URL": "https://github.com/advisories?query=type%3Areviewed+ecosystem%3Apip",
                                "Name": "GitHub Security Advisory pip"
                            },
                            "PrimaryURL": "https://avd.aquasec.com/nvd/cve-2023-25577",
                            "References": [
                                "https://access.redhat.com/security/cve/CVE-2023-25577",
                                "https://github.com/pallets/werkzeug",
                                "https://github.com/pallets/werkzeug/commit/517cac5a804e8c4dc4ed038bb20dacd038e7a9f1",
                                "https://github.com/pallets/werkzeug/releases/tag/2.2.3",
                                "https://github.com/pallets/werkzeug/security/advisories/GHSA-xg9f-g7g7-2323",
                                "https://github.com/pypa/advisory-database/tree/main/vulns/werkzeug/PYSEC-2023-58.yaml",
                                "https://linux.oracle.com/cve/CVE-2023-25577.html",
                                "https://linux.oracle.com/errata/ELSA-2023-12709.html",
                                "https://nvd.nist.gov/vuln/detail/CVE-2023-25577",
                                "https://security.netapp.com/advisory/ntap-20230818-0003",
                                "https://security.netapp.com/advisory/ntap-20230818-0003/",
                                "https://ubuntu.com/security/notices/USN-5948-1",
                                "https://ubuntu.com/security/notices/USN-5948-2",
                                "https://www.cve.org/CVERecord?id=CVE-2023-25577",
                                "https://www.debian.org/security/2023/dsa-5470"
                            ],
                            "Description": "Werkzeug is a comprehensive WSGI web application library. Prior to version 2.2.3, Werkzeug's multipart form data parser will parse an unlimited number of parts, including file parts. Parts can be a small amount of bytes, but each requires CPU time to parse and may use more memory as Python data. If a request can be made to an endpoint that accesses `request.data`, `request.form`, `request.files`, or `request.get_data(parse_form_data=False)`, it can cause unexpectedly high resource usage. This allows an attacker to cause a denial of service by sending crafted multipart data to an endpoint that will parse it. The amount of CPU time required can block worker processes from handling legitimate requests. The amount of RAM required can trigger an out of memory kill of the process. Unlimited file parts can use up memory and file handles. If many concurrent requests are sent continuously, this can exhaust or kill all available workers. Version 2.2.3 contains a patch for this issue.",
                            "FixedVersion": "2.2.3",
                            "PkgIdentifier": {
                                "UID": "4bf19f6d7e62acdc",
                                "PURL": "pkg:pypi/werkzeug@2.0.1"
                            },
                            "PublishedDate": "2023-02-14T20:15:17.543Z",
                            "SeveritySource": "ghsa",
                            "VendorSeverity": {
                                "nvd": 3,
                                "ghsa": 3,
                                "amazon": 3,
                                "photon": 3,
                                "redhat": 3,
                                "ubuntu": 2,
                                "cbl-mariner": 3,
                                "oracle-oval": 1
                            },
                            "VulnerabilityID": "CVE-2023-25577",
                            "InstalledVersion": "2.0.1",
                            "LastModifiedDate": "2024-11-21T07:49:45.74Z"
                        },
                        {
                            "CVSS": {
                                "ghsa": {
                                    "V3Score": 7.5,
                                    "V3Vector": "CVSS:3.1/AV:N/AC:H/PR:N/UI:R/S:U/C:H/I:H/A:H"
                                },
                                "redhat": {
                                    "V3Score": 7.5,
                                    "V3Vector": "CVSS:3.1/AV:N/AC:H/PR:N/UI:R/S:U/C:H/I:H/A:H"
                                }
                            },
                            "Title": "python-werkzeug: user may execute code on a developer's machine",
                            "CweIDs": [
                                "CWE-352"
                            ],
                            "Status": "fixed",
                            "PkgName": "Werkzeug",
                            "Severity": "HIGH",
                            "DataSource": {
                                "ID": "ghsa",
                                "URL": "https://github.com/advisories?query=type%3Areviewed+ecosystem%3Apip",
                                "Name": "GitHub Security Advisory pip"
                            },
                            "PrimaryURL": "https://avd.aquasec.com/nvd/cve-2024-34069",
                            "References": [
                                "https://access.redhat.com/security/cve/CVE-2024-34069",
                                "https://github.com/pallets/werkzeug",
                                "https://github.com/pallets/werkzeug/commit/3386395b24c7371db11a5b8eaac0c91da5362692",
                                "https://github.com/pallets/werkzeug/security/advisories/GHSA-2g68-c3qc-8985",
                                "https://lists.debian.org/debian-lts-announce/2025/02/msg00026.html",
                                "https://lists.fedoraproject.org/archives/list/package-announce@lists.fedoraproject.org/message/H4SH32AM3CTPMAAEOIDAN7VU565LO4IR",
                                "https://lists.fedoraproject.org/archives/list/package-announce@lists.fedoraproject.org/message/H4SH32AM3CTPMAAEOIDAN7VU565LO4IR/",
                                "https://lists.fedoraproject.org/archives/list/package-announce@lists.fedoraproject.org/message/HFERFN7PINV4MOGMGA3DPIXJPDCYOEJZ",
                                "https://lists.fedoraproject.org/archives/list/package-announce@lists.fedoraproject.org/message/HFERFN7PINV4MOGMGA3DPIXJPDCYOEJZ/",
                                "https://nvd.nist.gov/vuln/detail/CVE-2024-34069",
                                "https://security.netapp.com/advisory/ntap-20240614-0004",
                                "https://security.netapp.com/advisory/ntap-20240614-0004/",
                                "https://ubuntu.com/security/notices/USN-6799-1",
                                "https://www.cve.org/CVERecord?id=CVE-2024-34069"
                            ],
                            "Description": "Werkzeug is a comprehensive WSGI web application library. The debugger in affected versions of Werkzeug can allow an attacker to execute code on a developer's machine under some circumstances. This requires the attacker to get the developer to interact with a domain and subdomain they control, and enter the debugger PIN, but if they are successful it allows access to the debugger even if it is only running on localhost. This also requires the attacker to guess a URL in the developer's application that will trigger the debugger. This vulnerability is fixed in 3.0.3.",
                            "FixedVersion": "3.0.3",
                            "PkgIdentifier": {
                                "UID": "4bf19f6d7e62acdc",
                                "PURL": "pkg:pypi/werkzeug@2.0.1"
                            },
                            "PublishedDate": "2024-05-06T15:15:23.99Z",
                            "SeveritySource": "ghsa",
                            "VendorSeverity": {
                                "ghsa": 3,
                                "azure": 3,
                                "amazon": 3,
                                "photon": 3,
                                "redhat": 3,
                                "ubuntu": 2,
                                "cbl-mariner": 3
                            },
                            "VulnerabilityID": "CVE-2024-34069",
                            "InstalledVersion": "2.0.1",
                            "LastModifiedDate": "2025-12-03T15:32:11.177Z"
                        },
                        {
                            "CVSS": {
                                "nvd": {
                                    "V3Score": 7.5,
                                    "V3Vector": "CVSS:3.1/AV:N/AC:L/PR:N/UI:N/S:U/C:N/I:N/A:H"
                                },
                                "ghsa": {
                                    "V3Score": 5.7,
                                    "V3Vector": "CVSS:3.1/AV:A/AC:L/PR:L/UI:N/S:U/C:N/I:N/A:H"
                                },
                                "redhat": {
                                    "V3Score": 7.5,
                                    "V3Vector": "CVSS:3.1/AV:N/AC:L/PR:N/UI:N/S:U/C:N/I:N/A:H"
                                }
                            },
                            "Title": "python-werkzeug: high resource consumption leading to denial of service",
                            "CweIDs": [
                                "CWE-400",
                                "CWE-407",
                                "CWE-787"
                            ],
                            "Status": "fixed",
                            "PkgName": "Werkzeug",
                            "Severity": "MEDIUM",
                            "DataSource": {
                                "ID": "ghsa",
                                "URL": "https://github.com/advisories?query=type%3Areviewed+ecosystem%3Apip",
                                "Name": "GitHub Security Advisory pip"
                            },
                            "PrimaryURL": "https://avd.aquasec.com/nvd/cve-2023-46136",
                            "References": [
                                "https://access.redhat.com/security/cve/CVE-2023-46136",
                                "https://github.com/pallets/werkzeug",
                                "https://github.com/pallets/werkzeug/commit/b1916c0c083e0be1c9d887ee2f3d696922bfc5c1",
                                "https://github.com/pallets/werkzeug/commit/f2300208d5e2a5076cbbb4c2aad71096fd040ef9",
                                "https://github.com/pallets/werkzeug/commit/f3c803b3ade485a45f12b6d6617595350c0f03e2",
                                "https://github.com/pallets/werkzeug/security/advisories/GHSA-hrfv-mqp8-q5rw",
                                "https://github.com/pypa/advisory-database/tree/main/vulns/werkzeug/PYSEC-2023-221.yaml",
                                "https://nvd.nist.gov/vuln/detail/CVE-2023-46136",
                                "https://security.netapp.com/advisory/ntap-20231124-0008",
                                "https://security.netapp.com/advisory/ntap-20231124-0008/",
                                "https://www.cve.org/CVERecord?id=CVE-2023-46136"
                            ],
                            "Description": "Werkzeug is a comprehensive WSGI web application library. If an upload of a file that starts with CR or LF and then is followed by megabytes of data without these characters: all of these bytes are appended chunk by chunk into internal bytearray and lookup for boundary is performed on growing buffer. This allows an attacker to cause a denial of service by sending crafted multipart data to an endpoint that will parse it. The amount of CPU time required can block worker processes from handling legitimate requests. This vulnerability has been patched in version 3.0.1.",
                            "FixedVersion": "3.0.1, 2.3.8",
                            "PkgIdentifier": {
                                "UID": "4bf19f6d7e62acdc",
                                "PURL": "pkg:pypi/werkzeug@2.0.1"
                            },
                            "PublishedDate": "2023-10-25T18:17:36.753Z",
                            "SeveritySource": "ghsa",
                            "VendorSeverity": {
                                "nvd": 3,
                                "ghsa": 2,
                                "azure": 3,
                                "photon": 3,
                                "redhat": 2,
                                "cbl-mariner": 3
                            },
                            "VulnerabilityID": "CVE-2023-46136",
                            "InstalledVersion": "2.0.1",
                            "LastModifiedDate": "2024-11-21T08:27:57.4Z"
                        },
                        {
                            "CVSS": {
                                "nvd": {
                                    "V3Score": 5.3,
                                    "V3Vector": "CVSS:3.1/AV:N/AC:L/PR:N/UI:N/S:U/C:L/I:N/A:N"
                                },
                                "ghsa": {
                                    "V40Score": 6.3,
                                    "V40Vector": "CVSS:4.0/AV:N/AC:H/AT:N/PR:N/UI:N/VC:L/VI:N/VA:N/SC:N/SI:N/SA:N"
                                },
                                "redhat": {
                                    "V3Score": 3.7,
                                    "V3Vector": "CVSS:3.1/AV:N/AC:H/PR:N/UI:N/S:U/C:L/I:N/A:N"
                                }
                            },
                            "Title": "werkzeug: python-werkzeug: Werkzeug safe_join not safe on Windows",
                            "CweIDs": [
                                "CWE-22"
                            ],
                            "Status": "fixed",
                            "PkgName": "Werkzeug",
                            "Severity": "MEDIUM",
                            "DataSource": {
                                "ID": "ghsa",
                                "URL": "https://github.com/advisories?query=type%3Areviewed+ecosystem%3Apip",
                                "Name": "GitHub Security Advisory pip"
                            },
                            "PrimaryURL": "https://avd.aquasec.com/nvd/cve-2024-49766",
                            "References": [
                                "https://access.redhat.com/security/cve/CVE-2024-49766",
                                "https://github.com/pallets/werkzeug",
                                "https://github.com/pallets/werkzeug/commit/2767bcb10a7dd1c297d812cc5e6d11a474c1f092",
                                "https://github.com/pallets/werkzeug/releases/tag/3.0.6",
                                "https://github.com/pallets/werkzeug/security/advisories/GHSA-f9vj-2wh5-fj8j",
                                "https://nvd.nist.gov/vuln/detail/CVE-2024-49766",
                                "https://security.netapp.com/advisory/ntap-20250131-0005",
                                "https://security.netapp.com/advisory/ntap-20250131-0005/",
                                "https://www.cve.org/CVERecord?id=CVE-2024-49766"
                            ],
                            "Description": "Werkzeug is a Web Server Gateway Interface web application library. On Python < 3.11 on Windows, os.path.isabs() does not catch UNC paths like //server/share. Werkzeug's safe_join() relies on this check, and so can produce a path that is not safe, potentially allowing unintended access to data. Applications using Python >= 3.11, or not using Windows, are not vulnerable. Werkzeug version 3.0.6 contains a patch.",
                            "FixedVersion": "3.0.6",
                            "PkgIdentifier": {
                                "UID": "4bf19f6d7e62acdc",
                                "PURL": "pkg:pypi/werkzeug@2.0.1"
                            },
                            "PublishedDate": "2024-10-25T20:15:04.41Z",
                            "SeveritySource": "ghsa",
                            "VendorSeverity": {
                                "nvd": 2,
                                "ghsa": 2,
                                "redhat": 2
                            },
                            "VulnerabilityID": "CVE-2024-49766",
                            "InstalledVersion": "2.0.1",
                            "LastModifiedDate": "2025-12-03T15:29:37.613Z"
                        },
                        {
                            "CVSS": {
                                "nvd": {
                                    "V3Score": 7.5,
                                    "V3Vector": "CVSS:3.1/AV:N/AC:L/PR:N/UI:N/S:U/C:N/I:N/A:H"
                                },
                                "ghsa": {
                                    "V3Score": 7.5,
                                    "V3Vector": "CVSS:3.1/AV:N/AC:L/PR:N/UI:N/S:U/C:N/I:N/A:H",
                                    "V40Score": 6.9,
                                    "V40Vector": "CVSS:4.0/AV:N/AC:L/AT:N/PR:N/UI:N/VC:N/VI:N/VA:L/SC:N/SI:N/SA:N"
                                },
                                "redhat": {
                                    "V3Score": 5.3,
                                    "V3Vector": "CVSS:3.1/AV:N/AC:L/PR:N/UI:N/S:U/C:N/I:N/A:L"
                                }
                            },
                            "Title": "werkzeug: python-werkzeug: Werkzeug possible resource exhaustion when parsing file data in forms",
                            "CweIDs": [
                                "CWE-400",
                                "CWE-770"
                            ],
                            "Status": "fixed",
                            "PkgName": "Werkzeug",
                            "Severity": "MEDIUM",
                            "DataSource": {
                                "ID": "ghsa",
                                "URL": "https://github.com/advisories?query=type%3Areviewed+ecosystem%3Apip",
                                "Name": "GitHub Security Advisory pip"
                            },
                            "PrimaryURL": "https://avd.aquasec.com/nvd/cve-2024-49767",
                            "References": [
                                "https://access.redhat.com/security/cve/CVE-2024-49767",
                                "https://github.com/pallets/quart/commit/5e78c4169b8eb66b91ead3e62d44721b9e1644ee",
                                "https://github.com/pallets/quart/commit/abb04a512496206de279225340ed022852fbf51f",
                                "https://github.com/pallets/werkzeug",
                                "https://github.com/pallets/werkzeug/commit/50cfeebcb0727e18cc52ffbeb125f4a66551179b",
                                "https://github.com/pallets/werkzeug/releases/tag/3.0.6",
                                "https://github.com/pallets/werkzeug/security/advisories/GHSA-q34m-jh98-gwm2",
                                "https://nvd.nist.gov/vuln/detail/CVE-2024-49767",
                                "https://security.netapp.com/advisory/ntap-20250103-0007",
                                "https://security.netapp.com/advisory/ntap-20250103-0007/",
                                "https://ubuntu.com/security/notices/USN-7093-1",
                                "https://www.cve.org/CVERecord?id=CVE-2024-49767"
                            ],
                            "Description": "Werkzeug is a Web Server Gateway Interface web application library. Applications using `werkzeug.formparser.MultiPartParser` corresponding to a version of Werkzeug prior to 3.0.6 to parse `multipart/form-data` requests (e.g. all flask applications) are vulnerable to a relatively simple but effective resource exhaustion (denial of service) attack. A specifically crafted form submission request can cause the parser to allocate and block 3 to 8 times the upload size in main memory. There is no upper limit; a single upload at 1 Gbit/s can exhaust 32 GB of RAM in less than 60 seconds. Werkzeug version 3.0.6 fixes this issue.",
                            "FixedVersion": "3.0.6",
                            "PkgIdentifier": {
                                "UID": "4bf19f6d7e62acdc",
                                "PURL": "pkg:pypi/werkzeug@2.0.1"
                            },
                            "PublishedDate": "2024-10-25T20:15:04.53Z",
                            "SeveritySource": "ghsa",
                            "VendorSeverity": {
                                "nvd": 3,
                                "ghsa": 2,
                                "azure": 3,
                                "photon": 3,
                                "redhat": 2,
                                "ubuntu": 2,
                                "cbl-mariner": 3
                            },
                            "VulnerabilityID": "CVE-2024-49767",
                            "InstalledVersion": "2.0.1",
                            "LastModifiedDate": "2025-01-03T12:15:26.257Z"
                        },
                        {
                            "CVSS": {
                                "nvd": {
                                    "V3Score": 5.3,
                                    "V3Vector": "CVSS:3.1/AV:N/AC:L/PR:N/UI:N/S:U/C:N/I:N/A:L"
                                },
                                "ghsa": {
                                    "V40Score": 6.3,
                                    "V40Vector": "CVSS:4.0/AV:N/AC:L/AT:P/PR:N/UI:N/VC:N/VI:N/VA:L/SC:N/SI:N/SA:N"
                                },
                                "redhat": {
                                    "V3Score": 5.3,
                                    "V3Vector": "CVSS:3.1/AV:N/AC:L/PR:N/UI:N/S:U/C:N/I:N/A:L"
                                }
                            },
                            "Title": "Werkzeug: Werkzeug: Denial of service via Windows device names in path segments",
                            "CweIDs": [
                                "CWE-67"
                            ],
                            "Status": "fixed",
                            "PkgName": "Werkzeug",
                            "Severity": "MEDIUM",
                            "DataSource": {
                                "ID": "ghsa",
                                "URL": "https://github.com/advisories?query=type%3Areviewed+ecosystem%3Apip",
                                "Name": "GitHub Security Advisory pip"
                            },
                            "PrimaryURL": "https://avd.aquasec.com/nvd/cve-2025-66221",
                            "References": [
                                "https://access.redhat.com/security/cve/CVE-2025-66221",
                                "https://github.com/pallets/werkzeug",
                                "https://github.com/pallets/werkzeug/commit/4b833376a45c323a189cd11d2362bcffdb1c0c13",
                                "https://github.com/pallets/werkzeug/releases/tag/3.1.4",
                                "https://github.com/pallets/werkzeug/security/advisories/GHSA-hgf8-39gv-g3f2",
                                "https://nvd.nist.gov/vuln/detail/CVE-2025-66221",
                                "https://www.cve.org/CVERecord?id=CVE-2025-66221"
                            ],
                            "Description": "Werkzeug is a comprehensive WSGI web application library. Prior to version 3.1.4, Werkzeug's safe_join function allows path segments with Windows device names. On Windows, there are special device names such as CON, AUX, etc that are implicitly present and readable in every directory. send_from_directory uses safe_join to safely serve files at user-specified paths under a directory. If the application is running on Windows, and the requested path ends with a special device name, the file will be opened successfully, but reading will hang indefinitely. This issue has been patched in version 3.1.4.",
                            "FixedVersion": "3.1.4",
                            "PkgIdentifier": {
                                "UID": "4bf19f6d7e62acdc",
                                "PURL": "pkg:pypi/werkzeug@2.0.1"
                            },
                            "PublishedDate": "2025-11-29T03:16:00.05Z",
                            "SeveritySource": "ghsa",
                            "VendorSeverity": {
                                "nvd": 2,
                                "ghsa": 2,
                                "redhat": 2
                            },
                            "VulnerabilityID": "CVE-2025-66221",
                            "InstalledVersion": "2.0.1",
                            "LastModifiedDate": "2025-12-03T15:27:49.427Z"
                        },
                        {
                            "CVSS": {
                                "nvd": {
                                    "V3Score": 5.3,
                                    "V3Vector": "CVSS:3.1/AV:N/AC:L/PR:N/UI:N/S:U/C:N/I:N/A:L"
                                },
                                "ghsa": {
                                    "V3Score": 5.3,
                                    "V3Vector": "CVSS:3.1/AV:N/AC:L/PR:N/UI:N/S:U/C:N/I:N/A:L",
                                    "V40Score": 6.3,
                                    "V40Vector": "CVSS:4.0/AV:N/AC:L/AT:P/PR:N/UI:N/VC:N/VI:N/VA:L/SC:N/SI:N/SA:N"
                                }
                            },
                            "Title": " Werkzeug safe_join() allows Windows special device names with compound extensions",
                            "CweIDs": [
                                "CWE-67"
                            ],
                            "Status": "fixed",
                            "PkgName": "Werkzeug",
                            "Severity": "MEDIUM",
                            "DataSource": {
                                "ID": "ghsa",
                                "URL": "https://github.com/advisories?query=type%3Areviewed+ecosystem%3Apip",
                                "Name": "GitHub Security Advisory pip"
                            },
                            "PrimaryURL": "https://avd.aquasec.com/nvd/cve-2026-21860",
                            "References": [
                                "https://github.com/pallets/werkzeug",
                                "https://github.com/pallets/werkzeug/commit/7ae1d254e04a0c33e241ac1cca4783ce6c875ca3",
                                "https://github.com/pallets/werkzeug/security/advisories/GHSA-87hc-h4r5-73f7",
                                "https://nvd.nist.gov/vuln/detail/CVE-2026-21860"
                            ],
                            "Description": "Werkzeug is a comprehensive WSGI web application library. Prior to version 3.1.5, Werkzeug's safe_join function allows path segments with Windows device names that have file extensions or trailing spaces. On Windows, there are special device names such as CON, AUX, etc that are implicitly present and readable in every directory. Windows still accepts them with any file extension, such as CON.txt, or trailing spaces such as CON. This issue has been patched in version 3.1.5.",
                            "FixedVersion": "3.1.5",
                            "PkgIdentifier": {
                                "UID": "4bf19f6d7e62acdc",
                                "PURL": "pkg:pypi/werkzeug@2.0.1"
                            },
                            "PublishedDate": "2026-01-08T19:15:59Z",
                            "SeveritySource": "ghsa",
                            "VendorSeverity": {
                                "nvd": 2,
                                "ghsa": 2
                            },
                            "VulnerabilityID": "CVE-2026-21860",
                            "InstalledVersion": "2.0.1",
                            "LastModifiedDate": "2026-02-02T17:15:30.51Z"
                        },
                        {
                            "CVSS": {
                                "ghsa": {
                                    "V40Score": 6.3,
                                    "V40Vector": "CVSS:4.0/AV:N/AC:L/AT:P/PR:N/UI:N/VC:N/VI:N/VA:L/SC:N/SI:N/SA:N"
                                }
                            },
                            "Title": " Werkzeug safe_join() allows Windows special device names",
                            "CweIDs": [
                                "CWE-67"
                            ],
                            "Status": "fixed",
                            "PkgName": "Werkzeug",
                            "Severity": "MEDIUM",
                            "DataSource": {
                                "ID": "ghsa",
                                "URL": "https://github.com/advisories?query=type%3Areviewed+ecosystem%3Apip",
                                "Name": "GitHub Security Advisory pip"
                            },
                            "PrimaryURL": "https://avd.aquasec.com/nvd/cve-2026-27199",
                            "References": [
                                "https://github.com/pallets/werkzeug",
                                "https://github.com/pallets/werkzeug/commit/f407712fdc60a09c2b3f4fe7db557703e5d9338d",
                                "https://github.com/pallets/werkzeug/releases/tag/3.1.6",
                                "https://github.com/pallets/werkzeug/security/advisories/GHSA-29vq-49wr-vm6x"
                            ],
                            "Description": "Werkzeug is a comprehensive WSGI web application library. Versions 3.1.5 and below, the safe_join function allows Windows device names as filenames if preceded by other path segments. This was previously reported as GHSA-hgf8-39gv-g3f2, but the added filtering failed to account for the fact that safe_join accepts paths with multiple segments, such as example/NUL. The function send_from_directory uses safe_join to safely serve files at user-specified paths under a directory. If the application is running on Windows, and the requested path ends with a special device name, the file will be opened successfully, but reading will hang indefinitely. This issue has been fixed in version 3.1.6.",
                            "FixedVersion": "3.1.6",
                            "PkgIdentifier": {
                                "UID": "4bf19f6d7e62acdc",
                                "PURL": "pkg:pypi/werkzeug@2.0.1"
                            },
                            "PublishedDate": "2026-02-21T06:17:00.71Z",
                            "SeveritySource": "ghsa",
                            "VendorSeverity": {
                                "ghsa": 2
                            },
                            "VulnerabilityID": "CVE-2026-27199",
                            "InstalledVersion": "2.0.1",
                            "LastModifiedDate": "2026-02-21T06:17:00.71Z"
                        },
                        {
                            "CVSS": {
                                "nvd": {
                                    "V3Score": 3.5,
                                    "V3Vector": "CVSS:3.1/AV:A/AC:L/PR:N/UI:R/S:U/C:N/I:L/A:N"
                                },
                                "ghsa": {
                                    "V3Score": 2.6,
                                    "V3Vector": "CVSS:3.1/AV:A/AC:H/PR:N/UI:R/S:U/C:N/I:L/A:N"
                                },
                                "redhat": {
                                    "V3Score": 2.6,
                                    "V3Vector": "CVSS:3.1/AV:A/AC:H/PR:N/UI:R/S:U/C:N/I:L/A:N"
                                }
                            },
                            "Title": "python-werkzeug: cookie prefixed with = can shadow unprefixed cookie",
                            "CweIDs": [
                                "CWE-20"
                            ],
                            "Status": "fixed",
                            "PkgName": "Werkzeug",
                            "Severity": "LOW",
                            "DataSource": {
                                "ID": "ghsa",
                                "URL": "https://github.com/advisories?query=type%3Areviewed+ecosystem%3Apip",
                                "Name": "GitHub Security Advisory pip"
                            },
                            "PrimaryURL": "https://avd.aquasec.com/nvd/cve-2023-23934",
                            "References": [
                                "https://access.redhat.com/security/cve/CVE-2023-23934",
                                "https://github.com/pallets/werkzeug",
                                "https://github.com/pallets/werkzeug/commit/cf275f42acad1b5950c50ffe8ef58fe62cdce028",
                                "https://github.com/pallets/werkzeug/releases/tag/2.2.3",
                                "https://github.com/pallets/werkzeug/security/advisories/GHSA-px8h-6qxv-m22q",
                                "https://github.com/pypa/advisory-database/tree/main/vulns/werkzeug/PYSEC-2023-57.yaml",
                                "https://linux.oracle.com/cve/CVE-2023-23934.html",
                                "https://linux.oracle.com/errata/ELSA-2023-12709.html",
                                "https://nvd.nist.gov/vuln/detail/CVE-2023-23934",
                                "https://security.netapp.com/advisory/ntap-20230818-0003",
                                "https://security.netapp.com/advisory/ntap-20230818-0003/",
                                "https://ubuntu.com/security/notices/USN-5948-1",
                                "https://ubuntu.com/security/notices/USN-5948-2",
                                "https://www.cve.org/CVERecord?id=CVE-2023-23934",
                                "https://www.debian.org/security/2023/dsa-5470"
                            ],
                            "Description": "Werkzeug is a comprehensive WSGI web application library. Browsers may allow \"nameless\" cookies that look like `=value` instead of `key=value`. A vulnerable browser may allow a compromised application on an adjacent subdomain to exploit this to set a cookie like `=__Host-test=bad` for another subdomain. Werkzeug prior to 2.2.3 will parse the cookie `=__Host-test=bad` as __Host-test=bad`. If a Werkzeug application is running next to a vulnerable or malicious subdomain which sets such a cookie using a vulnerable browser, the Werkzeug application will see the bad cookie value but the valid cookie key. The issue is fixed in Werkzeug 2.2.3.",
                            "FixedVersion": "2.2.3",
                            "PkgIdentifier": {
                                "UID": "4bf19f6d7e62acdc",
                                "PURL": "pkg:pypi/werkzeug@2.0.1"
                            },
                            "PublishedDate": "2023-02-14T20:15:17.37Z",
                            "SeveritySource": "ghsa",
                            "VendorSeverity": {
                                "nvd": 1,
                                "ghsa": 1,
                                "amazon": 2,
                                "photon": 1,
                                "redhat": 1,
                                "ubuntu": 2,
                                "cbl-mariner": 1,
                                "oracle-oval": 1
                            },
                            "VulnerabilityID": "CVE-2023-23934",
                            "InstalledVersion": "2.0.1",
                            "LastModifiedDate": "2024-11-21T07:47:07.947Z"
                        },
                        {
                            "CVSS": {
                                "nvd": {
                                    "V3Score": 9.8,
                                    "V3Vector": "CVSS:3.1/AV:N/AC:L/PR:N/UI:N/S:U/C:H/I:H/A:H"
                                },
                                "ghsa": {
                                    "V3Score": 7.5,
                                    "V3Vector": "CVSS:3.1/AV:N/AC:L/PR:N/UI:N/S:U/C:N/I:H/A:N"
                                },
                                "redhat": {
                                    "V3Score": 9.1,
                                    "V3Vector": "CVSS:3.1/AV:N/AC:L/PR:N/UI:N/S:U/C:H/I:H/A:N"
                                }
                            },
                            "Title": "python-certifi: Removal of e-Tugra root certificate",
                            "CweIDs": [
                                "CWE-345"
                            ],
                            "Status": "fixed",
                            "PkgName": "certifi",
                            "Severity": "HIGH",
                            "DataSource": {
                                "ID": "ghsa",
                                "URL": "https://github.com/advisories?query=type%3Areviewed+ecosystem%3Apip",
                                "Name": "GitHub Security Advisory pip"
                            },
                            "PrimaryURL": "https://avd.aquasec.com/nvd/cve-2023-37920",
                            "References": [
                                "https://access.redhat.com/errata/RHSA-2023:7753",
                                "https://access.redhat.com/security/cve/CVE-2023-37920",
                                "https://bugzilla.redhat.com/2226586",
                                "https://bugzilla.redhat.com/2242493",
                                "https://errata.almalinux.org/9/ALSA-2023-7753.html",
                                "https://github.com/certifi/python-certifi",
                                "https://github.com/certifi/python-certifi/commit/8fb96ed81f71e7097ed11bc4d9b19afd7ea5c909",
                                "https://github.com/certifi/python-certifi/security/advisories/GHSA-xqr8-7jwr-rhp7",
                                "https://github.com/pypa/advisory-database/tree/main/vulns/certifi/PYSEC-2023-135.yaml",
                                "https://groups.google.com/a/mozilla.org/g/dev-security-policy/c/C-HrP1SEq1A",
                                "https://linux.oracle.com/cve/CVE-2023-37920.html",
                                "https://linux.oracle.com/errata/ELSA-2024-0133.html",
                                "https://lists.fedoraproject.org/archives/list/package-announce@lists.fedoraproject.org/message/5EX6NG7WUFNUKGFHLM35KHHU3GAKXRTG",
                                "https://lists.fedoraproject.org/archives/list/package-announce@lists.fedoraproject.org/message/5EX6NG7WUFNUKGFHLM35KHHU3GAKXRTG/",
                                "https://nvd.nist.gov/vuln/detail/CVE-2023-37920",
                                "https://security.netapp.com/advisory/ntap-20240912-0002",
                                "https://security.netapp.com/advisory/ntap-20240912-0002/",
                                "https://www.cve.org/CVERecord?id=CVE-2023-37920"
                            ],
                            "Description": "Certifi is a curated collection of Root Certificates for validating the trustworthiness of SSL certificates while verifying the identity of TLS hosts. Certifi prior to version 2023.07.22 recognizes \"e-Tugra\" root certificates. e-Tugra's root certificates were subject to an investigation prompted by reporting of security issues in their systems. Certifi 2023.07.22 removes root certificates from \"e-Tugra\" from the root store.",
                            "FixedVersion": "2023.7.22",
                            "PkgIdentifier": {
                                "UID": "aaad7cf8d55ab5f6",
                                "PURL": "pkg:pypi/certifi@2020.12.5"
                            },
                            "PublishedDate": "2023-07-25T21:15:10.827Z",
                            "SeveritySource": "ghsa",
                            "VendorSeverity": {
                                "nvd": 4,
                                "alma": 2,
                                "ghsa": 3,
                                "azure": 4,
                                "amazon": 3,
                                "photon": 4,
                                "redhat": 1,
                                "oracle-oval": 2
                            },
                            "VulnerabilityID": "CVE-2023-37920",
                            "InstalledVersion": "2020.12.5",
                            "LastModifiedDate": "2025-02-13T13:50:15.813Z"
                        },
                        {
                            "CVSS": {
                                "nvd": {
                                    "V3Score": 7.5,
                                    "V3Vector": "CVSS:3.1/AV:N/AC:L/PR:N/UI:N/S:U/C:N/I:H/A:N"
                                },
                                "ghsa": {
                                    "V3Score": 6.8,
                                    "V3Vector": "CVSS:3.1/AV:N/AC:L/PR:H/UI:N/S:C/C:N/I:H/A:N",
                                    "V40Score": 5.9,
                                    "V40Vector": "CVSS:4.0/AV:N/AC:L/AT:P/PR:H/UI:N/VC:N/VI:H/VA:N/SC:N/SI:N/SA:N"
                                },
                                "redhat": {
                                    "V3Score": 7.5,
                                    "V3Vector": "CVSS:3.1/AV:N/AC:L/PR:N/UI:N/S:U/C:N/I:H/A:N"
                                }
                            },
                            "Title": "python-certifi: untrusted root certificates",
                            "CweIDs": [
                                "CWE-345"
                            ],
                            "Status": "fixed",
                            "PkgName": "certifi",
                            "Severity": "MEDIUM",
                            "DataSource": {
                                "ID": "ghsa",
                                "URL": "https://github.com/advisories?query=type%3Areviewed+ecosystem%3Apip",
                                "Name": "GitHub Security Advisory pip"
                            },
                            "PrimaryURL": "https://avd.aquasec.com/nvd/cve-2022-23491",
                            "References": [
                                "https://access.redhat.com/security/cve/CVE-2022-23491",
                                "https://github.com/certifi/python-certifi",
                                "https://github.com/certifi/python-certifi/commit/9e9e840925d7b8e76c76fdac1fab7e6e88c1c3b8",
                                "https://github.com/certifi/python-certifi/security/advisories/GHSA-43fp-rhv2-5gv8",
                                "https://github.com/pypa/advisory-database/tree/main/vulns/certifi/PYSEC-2022-42986.yaml",
                                "https://groups.google.com/a/mozilla.org/g/dev-security-policy/c/oxX69KFvsm4/m/yLohoVqtCgAJ",
                                "https://nvd.nist.gov/vuln/detail/CVE-2022-23491",
                                "https://security.netapp.com/advisory/ntap-20230223-0010",
                                "https://security.netapp.com/advisory/ntap-20230223-0010/",
                                "https://ubuntu.com/security/notices/USN-5761-1",
                                "https://ubuntu.com/security/notices/USN-5761-2",
                                "https://www.cve.org/CVERecord?id=CVE-2022-23491"
                            ],
                            "Description": "Certifi is a curated collection of Root Certificates for validating the trustworthiness of SSL certificates while verifying the identity of TLS hosts. Certifi 2022.12.07 removes root certificates from \"TrustCor\" from the root store. These are in the process of being removed from Mozilla's trust store. TrustCor's root certificates are being removed pursuant to an investigation prompted by media reporting that TrustCor's ownership also operated a business that produced spyware. Conclusions of Mozilla's investigation can be found in the linked google group discussion.",
                            "FixedVersion": "2022.12.07",
                            "PkgIdentifier": {
                                "UID": "aaad7cf8d55ab5f6",
                                "PURL": "pkg:pypi/certifi@2020.12.5"
                            },
                            "PublishedDate": "2022-12-07T22:15:09.87Z",
                            "SeveritySource": "ghsa",
                            "VendorSeverity": {
                                "nvd": 3,
                                "ghsa": 2,
                                "amazon": 3,
                                "photon": 3,
                                "redhat": 2,
                                "ubuntu": 2
                            },
                            "VulnerabilityID": "CVE-2022-23491",
                            "InstalledVersion": "2020.12.5",
                            "LastModifiedDate": "2025-02-12T17:36:19.373Z"
                        },
                        {
                            "CVSS": {
                                "nvd": {
                                    "V3Score": 7.4,
                                    "V3Vector": "CVSS:3.1/AV:N/AC:H/PR:N/UI:N/S:U/C:H/I:N/A:H"
                                },
                                "ghsa": {
                                    "V3Score": 7.4,
                                    "V3Vector": "CVSS:3.1/AV:N/AC:H/PR:N/UI:N/S:U/C:H/I:N/A:H"
                                },
                                "redhat": {
                                    "V3Score": 7.4,
                                    "V3Vector": "CVSS:3.1/AV:N/AC:H/PR:N/UI:N/S:U/C:H/I:N/A:H"
                                }
                            },
                            "Title": "openssl: X.400 address type confusion in X.509 GeneralName",
                            "CweIDs": [
                                "CWE-843"
                            ],
                            "Status": "fixed",
                            "PkgName": "cryptography",
                            "Severity": "HIGH",
                            "DataSource": {
                                "ID": "ghsa",
                                "URL": "https://github.com/advisories?query=type%3Areviewed+ecosystem%3Apip",
                                "Name": "GitHub Security Advisory pip"
                            },
                            "PrimaryURL": "https://avd.aquasec.com/nvd/cve-2023-0286",
                            "References": [
                                "https://access.redhat.com/errata/RHSA-2025:7937",
                                "https://access.redhat.com/security/cve/CVE-2023-0286",
                                "https://access.redhat.com/security/cve/cve-2023-0286",
                                "https://bugzilla.redhat.com/2164440",
                                "https://bugzilla.redhat.com/show_bug.cgi?id=2144000",
                                "https://bugzilla.redhat.com/show_bug.cgi?id=2144003",
                                "https://bugzilla.redhat.com/show_bug.cgi?id=2144006",
                                "https://bugzilla.redhat.com/show_bug.cgi?id=2144008",
                                "https://bugzilla.redhat.com/show_bug.cgi?id=2144010",
                                "https://bugzilla.redhat.com/show_bug.cgi?id=2144012",
                                "https://bugzilla.redhat.com/show_bug.cgi?id=2144015",
                                "https://bugzilla.redhat.com/show_bug.cgi?id=2144017",
                                "https://bugzilla.redhat.com/show_bug.cgi?id=2144019",
                                "https://bugzilla.redhat.com/show_bug.cgi?id=2145170",
                                "https://bugzilla.redhat.com/show_bug.cgi?id=2158412",
                                "https://bugzilla.redhat.com/show_bug.cgi?id=2164440",
                                "https://bugzilla.redhat.com/show_bug.cgi?id=2164487",
                                "https://bugzilla.redhat.com/show_bug.cgi?id=2164488",
                                "https://bugzilla.redhat.com/show_bug.cgi?id=2164492",
                                "https://bugzilla.redhat.com/show_bug.cgi?id=2164494",
                                "https://bugzilla.redhat.com/show_bug.cgi?id=2164497",
                                "https://bugzilla.redhat.com/show_bug.cgi?id=2164499",
                                "https://bugzilla.redhat.com/show_bug.cgi?id=2164500",
                                "https://cve.mitre.org/cgi-bin/cvename.cgi?name=CVE-2022-4203",
                                "https://cve.mitre.org/cgi-bin/cvename.cgi?name=CVE-2022-4304",
                                "https://cve.mitre.org/cgi-bin/cvename.cgi?name=CVE-2022-4450",
                                "https://cve.mitre.org/cgi-bin/cvename.cgi?name=CVE-2023-0215",
                                "https://cve.mitre.org/cgi-bin/cvename.cgi?name=CVE-2023-0216",
                                "https://cve.mitre.org/cgi-bin/cvename.cgi?name=CVE-2023-0217",
                                "https://cve.mitre.org/cgi-bin/cvename.cgi?name=CVE-2023-0286",
                                "https://cve.mitre.org/cgi-bin/cvename.cgi?name=CVE-2023-0401",
                                "https://errata.almalinux.org/9/ALSA-2025-7937.html",
                                "https://errata.rockylinux.org/RLSA-2023:0946",
                                "https://ftp.openbsd.org/pub/OpenBSD/LibreSSL/libressl-3.6.2-relnotes.txt",
                                "https://ftp.openbsd.org/pub/OpenBSD/patches/7.2/common/018_x509.patch.sig",
                                "https://git.openssl.org/gitweb/?p=openssl.git;a=commitdiff;h=2c6c9d439b484e1ba9830d8454a34fa4f80fdfe9",
                                "https://git.openssl.org/gitweb/?p=openssl.git;a=commitdiff;h=2f7530077e0ef79d98718138716bc51ca0cad658",
                                "https://git.openssl.org/gitweb/?p=openssl.git;a=commitdiff;h=fd2af07dc083a350c959147097003a14a5e8ac4d",
                                "https://github.com/pyca/cryptography",
                                "https://github.com/pyca/cryptography/security/advisories/GHSA-x4qr-2fvf-3mr5",
                                "https://linux.oracle.com/cve/CVE-2023-0286.html",
                                "https://linux.oracle.com/errata/ELSA-2025-7937.html",
                                "https://nvd.nist.gov/vuln/detail/CVE-2023-0286",
                                "https://psirt.global.sonicwall.com/vuln-detail/SNWLID-2023-0003",
                                "https://rustsec.org/advisories/RUSTSEC-2023-0006.html",
                                "https://security.gentoo.org/glsa/202402-08",
                                "https://ubuntu.com/security/notices/USN-5844-1",
                                "https://ubuntu.com/security/notices/USN-5845-1",
                                "https://ubuntu.com/security/notices/USN-5845-2",
                                "https://ubuntu.com/security/notices/USN-6564-1",
                                "https://ubuntu.com/security/notices/USN-7894-1",
                                "https://www.cve.org/CVERecord?id=CVE-2023-0286",
                                "https://www.openssl.org/news/secadv/20230207.txt"
                            ],
                            "Description": "There is a type confusion vulnerability relating to X.400 address processing\ninside an X.509 GeneralName. X.400 addresses were parsed as an ASN1_STRING but\nthe public structure definition for GENERAL_NAME incorrectly specified the type\nof the x400Address field as ASN1_TYPE. This field is subsequently interpreted by\nthe OpenSSL function GENERAL_NAME_cmp as an ASN1_TYPE rather than an\nASN1_STRING.\n\nWhen CRL checking is enabled (i.e. the application sets the\nX509_V_FLAG_CRL_CHECK flag), this vulnerability may allow an attacker to pass\narbitrary pointers to a memcmp call, enabling them to read memory contents or\nenact a denial of service. In most cases, the attack requires the attacker to\nprovide both the certificate chain and CRL, neither of which need to have a\nvalid signature. If the attacker only controls one of these inputs, the other\ninput must already contain an X.400 address as a CRL distribution point, which\nis uncommon. As such, this vulnerability is most likely to only affect\napplications which have implemented their own functionality for retrieving CRLs\nover a network.",
                            "FixedVersion": "39.0.1",
                            "PkgIdentifier": {
                                "UID": "649bde032eca1663",
                                "PURL": "pkg:pypi/cryptography@3.4.8"
                            },
                            "PublishedDate": "2023-02-08T20:15:24.267Z",
                            "SeveritySource": "ghsa",
                            "VendorSeverity": {
                                "nvd": 3,
                                "alma": 3,
                                "ghsa": 3,
                                "azure": 3,
                                "rocky": 3,
                                "amazon": 3,
                                "photon": 3,
                                "redhat": 3,
                                "ubuntu": 3,
                                "cbl-mariner": 3,
                                "oracle-oval": 3
                            },
                            "VulnerabilityID": "CVE-2023-0286",
                            "InstalledVersion": "3.4.8",
                            "LastModifiedDate": "2025-11-04T20:16:16.35Z"
                        },
                        {
                            "CVSS": {
                                "nvd": {
                                    "V3Score": 7.5,
                                    "V3Vector": "CVSS:3.1/AV:N/AC:L/PR:N/UI:N/S:U/C:H/I:N/A:N"
                                },
                                "ghsa": {
                                    "V3Score": 7.5,
                                    "V3Vector": "CVSS:3.1/AV:N/AC:L/PR:N/UI:N/S:U/C:H/I:N/A:N",
                                    "V40Score": 8.7,
                                    "V40Vector": "CVSS:4.0/AV:N/AC:L/AT:N/PR:N/UI:N/VC:H/VI:N/VA:N/SC:N/SI:N/SA:N"
                                },
                                "redhat": {
                                    "V3Score": 7.5,
                                    "V3Vector": "CVSS:3.1/AV:N/AC:L/PR:N/UI:N/S:U/C:H/I:N/A:N"
                                }
                            },
                            "Title": "python-cryptography: Bleichenbacher timing oracle attack against RSA decryption - incomplete fix for CVE-2020-25659",
                            "CweIDs": [
                                "CWE-208",
                                "CWE-203"
                            ],
                            "Status": "fixed",
                            "PkgName": "cryptography",
                            "Severity": "HIGH",
                            "DataSource": {
                                "ID": "ghsa",
                                "URL": "https://github.com/advisories?query=type%3Areviewed+ecosystem%3Apip",
                                "Name": "GitHub Security Advisory pip"
                            },
                            "PrimaryURL": "https://avd.aquasec.com/nvd/cve-2023-50782",
                            "References": [
                                "https://access.redhat.com/security/cve/CVE-2023-50782",
                                "https://bugzilla.redhat.com/show_bug.cgi?id=2254432",
                                "https://github.com/openssl/openssl/pull/13817",
                                "https://github.com/pyca/cryptography",
                                "https://github.com/pyca/cryptography/issues/9785",
                                "https://nvd.nist.gov/vuln/detail/CVE-2023-50782",
                                "https://people.redhat.com/~hkario/marvin/",
                                "https://ubuntu.com/security/notices/USN-6663-1",
                                "https://ubuntu.com/security/notices/USN-6673-1",
                                "https://ubuntu.com/security/notices/USN-6673-2",
                                "https://www.couchbase.com/alerts/",
                                "https://www.cve.org/CVERecord?id=CVE-2023-50782"
                            ],
                            "Description": "A flaw was found in the python-cryptography package. This issue may allow a remote attacker to decrypt captured messages in TLS servers that use RSA key exchanges, which may lead to exposure of confidential or sensitive data.",
                            "FixedVersion": "42.0.0",
                            "PkgIdentifier": {
                                "UID": "649bde032eca1663",
                                "PURL": "pkg:pypi/cryptography@3.4.8"
                            },
                            "PublishedDate": "2024-02-05T21:15:11.183Z",
                            "SeveritySource": "ghsa",
                            "VendorSeverity": {
                                "nvd": 3,
                                "ghsa": 3,
                                "azure": 3,
                                "photon": 3,
                                "redhat": 2,
                                "ubuntu": 2,
                                "cbl-mariner": 3
                            },
                            "VulnerabilityID": "CVE-2023-50782",
                            "InstalledVersion": "3.4.8",
                            "LastModifiedDate": "2024-11-21T08:37:18.337Z"
                        },
                        {
                            "CVSS": {
                                "ghsa": {
                                    "V40Score": 8.2,
                                    "V40Vector": "CVSS:4.0/AV:N/AC:H/AT:N/PR:N/UI:N/VC:H/VI:N/VA:N/SC:N/SI:N/SA:N"
                                },
                                "redhat": {
                                    "V3Score": 7.4,
                                    "V3Vector": "CVSS:3.1/AV:N/AC:H/PR:N/UI:N/S:U/C:H/I:H/A:N"
                                }
                            },
                            "Title": "cryptography: cryptography Subgroup Attack Due to Missing Subgroup Validation for SECT Curves",
                            "CweIDs": [
                                "CWE-345"
                            ],
                            "Status": "fixed",
                            "PkgName": "cryptography",
                            "Severity": "HIGH",
                            "DataSource": {
                                "ID": "ghsa",
                                "URL": "https://github.com/advisories?query=type%3Areviewed+ecosystem%3Apip",
                                "Name": "GitHub Security Advisory pip"
                            },
                            "PrimaryURL": "https://avd.aquasec.com/nvd/cve-2026-26007",
                            "References": [
                                "http://www.openwall.com/lists/oss-security/2026/02/10/4",
                                "https://access.redhat.com/security/cve/CVE-2026-26007",
                                "https://github.com/pyca/cryptography",
                                "https://github.com/pyca/cryptography/commit/0eebb9dbb6343d9bc1d91e5a2482ed4e054a6d8c",
                                "https://github.com/pyca/cryptography/releases/tag/46.0.5",
                                "https://github.com/pyca/cryptography/security/advisories/GHSA-r6ph-v2qm-q3c2",
                                "https://nvd.nist.gov/vuln/detail/CVE-2026-26007",
                                "https://www.cve.org/CVERecord?id=CVE-2026-26007"
                            ],
                            "Description": "cryptography is a package designed to expose cryptographic primitives and recipes to Python developers. Prior to 46.0.5, the public_key_from_numbers (or EllipticCurvePublicNumbers.public_key()), EllipticCurvePublicNumbers.public_key(), load_der_public_key() and load_pem_public_key() functions do not verify that the point belongs to the expected prime-order subgroup of the curve. This missing validation allows an attacker to provide a public key point P from a small-order subgroup. This can lead to security issues in various situations, such as the most commonly used signature verification (ECDSA) and shared key negotiation (ECDH). When the victim computes the shared secret as S = [victim_private_key]P via ECDH, this leaks information about victim_private_key mod (small_subgroup_order). For curves with cofactor > 1, this reveals the least significant bits of the private key. When these weak public keys are used in ECDSA , it's easy to forge signatures on the small subgroup. Only SECT curves are impacted by this. This vulnerability is fixed in 46.0.5.",
                            "FixedVersion": "46.0.5",
                            "PkgIdentifier": {
                                "UID": "649bde032eca1663",
                                "PURL": "pkg:pypi/cryptography@3.4.8"
                            },
                            "PublishedDate": "2026-02-10T22:17:00.307Z",
                            "SeveritySource": "ghsa",
                            "VendorSeverity": {
                                "ghsa": 3,
                                "redhat": 3
                            },
                            "VulnerabilityID": "CVE-2026-26007",
                            "InstalledVersion": "3.4.8",
                            "LastModifiedDate": "2026-02-11T15:27:26.37Z"
                        },
                        {
                            "CVSS": {
                                "nvd": {
                                    "V3Score": 6.5,
                                    "V3Vector": "CVSS:3.1/AV:N/AC:L/PR:N/UI:N/S:U/C:N/I:L/A:L"
                                },
                                "ghsa": {
                                    "V3Score": 6.5,
                                    "V3Vector": "CVSS:3.1/AV:N/AC:L/PR:N/UI:N/S:U/C:N/I:L/A:L",
                                    "V40Score": 6.9,
                                    "V40Vector": "CVSS:4.0/AV:N/AC:L/AT:N/PR:N/UI:N/VC:N/VI:L/VA:L/SC:N/SI:N/SA:N"
                                },
                                "redhat": {
                                    "V3Score": 6.5,
                                    "V3Vector": "CVSS:3.1/AV:N/AC:L/PR:N/UI:N/S:U/C:N/I:L/A:L"
                                }
                            },
                            "Title": "python-cryptography: memory corruption via immutable objects",
                            "CweIDs": [
                                "CWE-754"
                            ],
                            "Status": "fixed",
                            "PkgName": "cryptography",
                            "Severity": "MEDIUM",
                            "DataSource": {
                                "ID": "ghsa",
                                "URL": "https://github.com/advisories?query=type%3Areviewed+ecosystem%3Apip",
                                "Name": "GitHub Security Advisory pip"
                            },
                            "PrimaryURL": "https://avd.aquasec.com/nvd/cve-2023-23931",
                            "References": [
                                "https://access.redhat.com/errata/RHSA-2023:6615",
                                "https://access.redhat.com/security/cve/CVE-2023-23931",
                                "https://bugzilla.redhat.com/2171817",
                                "https://bugzilla.redhat.com/show_bug.cgi?id=2158559",
                                "https://bugzilla.redhat.com/show_bug.cgi?id=2171817",
                                "https://bugzilla.redhat.com/show_bug.cgi?id=2196183",
                                "https://bugzilla.redhat.com/show_bug.cgi?id=2242493",
                                "https://cve.mitre.org/cgi-bin/cvename.cgi?name=CVE-2022-40897",
                                "https://cve.mitre.org/cgi-bin/cvename.cgi?name=CVE-2023-23931",
                                "https://cve.mitre.org/cgi-bin/cvename.cgi?name=CVE-2023-27043",
                                "https://cve.mitre.org/cgi-bin/cvename.cgi?name=CVE-2023-43804",
                                "https://errata.almalinux.org/9/ALSA-2023-6615.html",
                                "https://errata.rockylinux.org/RLSA-2024:2985",
                                "https://github.com/pyca/cryptography",
                                "https://github.com/pyca/cryptography/commit/d6951dca25de45abd52da51b608055371fbcde4e",
                                "https://github.com/pyca/cryptography/pull/8230",
                                "https://github.com/pyca/cryptography/pull/8230/commits/94a50a9731f35405f0357fa5f3b177d46a726ab3",
                                "https://github.com/pyca/cryptography/security/advisories/GHSA-w7pp-m8wf-vj6r",
                                "https://github.com/pypa/advisory-database/tree/main/vulns/cryptography/PYSEC-2023-11.yaml",
                                "https://linux.oracle.com/cve/CVE-2023-23931.html",
                                "https://linux.oracle.com/errata/ELSA-2024-2985.html",
                                "https://lists.debian.org/debian-lts-announce/2024/10/msg00012.html",
                                "https://nvd.nist.gov/vuln/detail/CVE-2023-23931",
                                "https://security.netapp.com/advisory/ntap-20230324-0007",
                                "https://security.netapp.com/advisory/ntap-20230324-0007/",
                                "https://ubuntu.com/security/notices/USN-6539-1",
                                "https://www.cve.org/CVERecord?id=CVE-2023-23931"
                            ],
                            "Description": "cryptography is a package designed to expose cryptographic primitives and recipes to Python developers. In affected versions `Cipher.update_into` would accept Python objects which implement the buffer protocol, but provide only immutable buffers. This would allow immutable objects (such as `bytes`) to be mutated, thus violating fundamental rules of Python and resulting in corrupted output. This now correctly raises an exception. This issue has been present since `update_into` was originally introduced in cryptography 1.8.",
                            "FixedVersion": "39.0.1",
                            "PkgIdentifier": {
                                "UID": "649bde032eca1663",
                                "PURL": "pkg:pypi/cryptography@3.4.8"
                            },
                            "PublishedDate": "2023-02-07T21:15:09.85Z",
                            "SeveritySource": "ghsa",
                            "VendorSeverity": {
                                "nvd": 2,
                                "alma": 2,
                                "ghsa": 2,
                                "azure": 2,
                                "rocky": 2,
                                "amazon": 2,
                                "photon": 2,
                                "redhat": 2,
                                "ubuntu": 1,
                                "cbl-mariner": 2,
                                "oracle-oval": 2
                            },
                            "VulnerabilityID": "CVE-2023-23931",
                            "InstalledVersion": "3.4.8",
                            "LastModifiedDate": "2025-11-03T22:16:05.153Z"
                        },
                        {
                            "CVSS": {
                                "nvd": {
                                    "V3Score": 7.5,
                                    "V3Vector": "CVSS:3.1/AV:N/AC:L/PR:N/UI:N/S:U/C:N/I:N/A:H"
                                },
                                "ghsa": {
                                    "V3Score": 5.9,
                                    "V3Vector": "CVSS:3.1/AV:N/AC:H/PR:N/UI:N/S:U/C:N/I:N/A:H"
                                },
                                "redhat": {
                                    "V3Score": 7.5,
                                    "V3Vector": "CVSS:3.1/AV:N/AC:L/PR:N/UI:N/S:U/C:N/I:N/A:H"
                                }
                            },
                            "Title": "python-cryptography: NULL-dereference when loading PKCS7 certificates",
                            "CweIDs": [
                                "CWE-476"
                            ],
                            "Status": "fixed",
                            "PkgName": "cryptography",
                            "Severity": "MEDIUM",
                            "DataSource": {
                                "ID": "ghsa",
                                "URL": "https://github.com/advisories?query=type%3Areviewed+ecosystem%3Apip",
                                "Name": "GitHub Security Advisory pip"
                            },
                            "PrimaryURL": "https://avd.aquasec.com/nvd/cve-2023-49083",
                            "References": [
                                "http://www.openwall.com/lists/oss-security/2023/11/29/2",
                                "https://access.redhat.com/errata/RHSA-2025:15874",
                                "https://access.redhat.com/security/cve/CVE-2023-49083",
                                "https://bugzilla.redhat.com/2255331",
                                "https://bugzilla.redhat.com/show_bug.cgi?id=2255331",
                                "https://cve.mitre.org/cgi-bin/cvename.cgi?name=CVE-2023-49083",
                                "https://errata.almalinux.org/9/ALSA-2025-15874.html",
                                "https://errata.rockylinux.org/RLSA-2025:15874",
                                "https://github.com/pyca/cryptography",
                                "https://github.com/pyca/cryptography/commit/f09c261ca10a31fe41b1262306db7f8f1da0e48a",
                                "https://github.com/pyca/cryptography/pull/9926",
                                "https://github.com/pyca/cryptography/security/advisories/GHSA-jfhm-5ghh-2f97",
                                "https://github.com/pypa/advisory-database/tree/main/vulns/cryptography/PYSEC-2023-254.yaml",
                                "https://linux.oracle.com/cve/CVE-2023-49083.html",
                                "https://linux.oracle.com/errata/ELSA-2025-15874.html",
                                "https://lists.debian.org/debian-lts-announce/2024/10/msg00012.html",
                                "https://lists.fedoraproject.org/archives/list/package-announce@lists.fedoraproject.org/message/QMNTYMUGFJSDBYBU22FUYBHFRZODRKXV",
                                "https://lists.fedoraproject.org/archives/list/package-announce@lists.fedoraproject.org/message/QMNTYMUGFJSDBYBU22FUYBHFRZODRKXV/",
                                "https://nvd.nist.gov/vuln/detail/CVE-2023-49083",
                                "https://ubuntu.com/security/notices/USN-6539-1",
                                "https://www.cve.org/CVERecord?id=CVE-2023-49083"
                            ],
                            "Description": "cryptography is a package designed to expose cryptographic primitives and recipes to Python developers. Calling `load_pem_pkcs7_certificates` or `load_der_pkcs7_certificates` could lead to a NULL-pointer dereference and segfault. Exploitation of this vulnerability poses a serious risk of Denial of Service (DoS) for any application attempting to deserialize a PKCS7 blob/certificate. The consequences extend to potential disruptions in system availability and stability. This vulnerability has been patched in version 41.0.6.",
                            "FixedVersion": "41.0.6",
                            "PkgIdentifier": {
                                "UID": "649bde032eca1663",
                                "PURL": "pkg:pypi/cryptography@3.4.8"
                            },
                            "PublishedDate": "2023-11-29T19:15:07.967Z",
                            "SeveritySource": "ghsa",
                            "VendorSeverity": {
                                "nvd": 3,
                                "alma": 2,
                                "ghsa": 2,
                                "azure": 3,
                                "rocky": 2,
                                "amazon": 2,
                                "photon": 3,
                                "redhat": 2,
                                "ubuntu": 2,
                                "cbl-mariner": 3,
                                "oracle-oval": 2
                            },
                            "VulnerabilityID": "CVE-2023-49083",
                            "InstalledVersion": "3.4.8",
                            "LastModifiedDate": "2025-11-03T22:16:29.837Z"
                        },
                        {
                            "CVSS": {
                                "nvd": {
                                    "V3Score": 5.5,
                                    "V3Vector": "CVSS:3.1/AV:L/AC:L/PR:N/UI:R/S:U/C:N/I:N/A:H"
                                },
                                "ghsa": {
                                    "V3Score": 5.5,
                                    "V3Vector": "CVSS:3.1/AV:L/AC:L/PR:N/UI:R/S:U/C:N/I:N/A:H"
                                },
                                "redhat": {
                                    "V3Score": 5.5,
                                    "V3Vector": "CVSS:3.1/AV:L/AC:L/PR:N/UI:R/S:U/C:N/I:N/A:H"
                                }
                            },
                            "Title": "openssl: denial of service via null dereference",
                            "CweIDs": [
                                "CWE-476"
                            ],
                            "Status": "fixed",
                            "PkgName": "cryptography",
                            "Severity": "MEDIUM",
                            "DataSource": {
                                "ID": "ghsa",
                                "URL": "https://github.com/advisories?query=type%3Areviewed+ecosystem%3Apip",
                                "Name": "GitHub Security Advisory pip"
                            },
                            "PrimaryURL": "https://avd.aquasec.com/nvd/cve-2024-0727",
                            "References": [
                                "http://www.openwall.com/lists/oss-security/2024/03/11/1",
                                "https://access.redhat.com/errata/RHSA-2024:9088",
                                "https://access.redhat.com/security/cve/CVE-2024-0727",
                                "https://bugzilla.redhat.com/2257571",
                                "https://bugzilla.redhat.com/2258502",
                                "https://bugzilla.redhat.com/2259944",
                                "https://bugzilla.redhat.com/2284243",
                                "https://bugzilla.redhat.com/show_bug.cgi?id=2257571",
                                "https://bugzilla.redhat.com/show_bug.cgi?id=2258502",
                                "https://bugzilla.redhat.com/show_bug.cgi?id=2259944",
                                "https://bugzilla.redhat.com/show_bug.cgi?id=2284243",
                                "https://cve.mitre.org/cgi-bin/cvename.cgi?name=CVE-2023-6129",
                                "https://cve.mitre.org/cgi-bin/cvename.cgi?name=CVE-2023-6237",
                                "https://cve.mitre.org/cgi-bin/cvename.cgi?name=CVE-2024-0727",
                                "https://cve.mitre.org/cgi-bin/cvename.cgi?name=CVE-2024-1298",
                                "https://errata.almalinux.org/9/ALSA-2024-9088.html",
                                "https://errata.rockylinux.org/RLSA-2024:9088",
                                "https://github.com/alexcrichton/openssl-src-rs/commit/add20f73b6b42be7451af2e1044d4e0e778992b2",
                                "https://github.com/github/advisory-database/pull/3472",
                                "https://github.com/openssl/openssl/commit/09df4395b5071217b76dc7d3d2e630eb8c5a79c2",
                                "https://github.com/openssl/openssl/commit/775acfdbd0c6af9ac855f34969cdab0c0c90844a",
                                "https://github.com/openssl/openssl/commit/d135eeab8a5dbf72b3da5240bab9ddb7678dbd2c",
                                "https://github.com/openssl/openssl/pull/23362",
                                "https://github.com/pyca/cryptography/commit/3519591d255d4506fbcd0d04037d45271903c64d",
                                "https://github.openssl.org/openssl/extended-releases/commit/03b3941d60c4bce58fab69a0c22377ab439bc0e8",
                                "https://github.openssl.org/openssl/extended-releases/commit/aebaa5883e31122b404e450732dc833dc9dee539",
                                "https://linux.oracle.com/cve/CVE-2024-0727.html",
                                "https://linux.oracle.com/errata/ELSA-2024-9088.html",
                                "https://lists.debian.org/debian-lts-announce/2024/10/msg00033.html",
                                "https://lists.debian.org/debian-lts-announce/2024/11/msg00000.html",
                                "https://nvd.nist.gov/vuln/detail/CVE-2024-0727",
                                "https://security.netapp.com/advisory/ntap-20240208-0006",
                                "https://security.netapp.com/advisory/ntap-20240208-0006/",
                                "https://ubuntu.com/security/notices/USN-6622-1",
                                "https://ubuntu.com/security/notices/USN-6632-1",
                                "https://ubuntu.com/security/notices/USN-6709-1",
                                "https://ubuntu.com/security/notices/USN-7018-1",
                                "https://ubuntu.com/security/notices/USN-7894-1",
                                "https://www.cve.org/CVERecord?id=CVE-2024-0727",
                                "https://www.openssl.org/news/secadv/20240125.txt"
                            ],
                            "Description": "Issue summary: Processing a maliciously formatted PKCS12 file may lead OpenSSL\nto crash leading to a potential Denial of Service attack\n\nImpact summary: Applications loading files in the PKCS12 format from untrusted\nsources might terminate abruptly.\n\nA file in PKCS12 format can contain certificates and keys and may come from an\nuntrusted source. The PKCS12 specification allows certain fields to be NULL, but\nOpenSSL does not correctly check for this case. This can lead to a NULL pointer\ndereference that results in OpenSSL crashing. If an application processes PKCS12\nfiles from an untrusted source using the OpenSSL APIs then that application will\nbe vulnerable to this issue.\n\nOpenSSL APIs that are vulnerable to this are: PKCS12_parse(),\nPKCS12_unpack_p7data(), PKCS12_unpack_p7encdata(), PKCS12_unpack_authsafes()\nand PKCS12_newpass().\n\nWe have also fixed a similar issue in SMIME_write_PKCS7(). However since this\nfunction is related to writing data we do not consider it security significant.\n\nThe FIPS modules in 3.2, 3.1 and 3.0 are not affected by this issue.",
                            "FixedVersion": "42.0.2",
                            "PkgIdentifier": {
                                "UID": "649bde032eca1663",
                                "PURL": "pkg:pypi/cryptography@3.4.8"
                            },
                            "PublishedDate": "2024-01-26T09:15:07.637Z",
                            "SeveritySource": "ghsa",
                            "VendorSeverity": {
                                "nvd": 2,
                                "alma": 2,
                                "ghsa": 2,
                                "azure": 2,
                                "rocky": 2,
                                "amazon": 2,
                                "photon": 2,
                                "redhat": 1,
                                "ubuntu": 1,
                                "cbl-mariner": 2,
                                "oracle-oval": 2
                            },
                            "VulnerabilityID": "CVE-2024-0727",
                            "InstalledVersion": "3.4.8",
                            "LastModifiedDate": "2025-11-03T22:16:34.223Z"
                        },
                        {
                            "Title": "Vulnerable OpenSSL included in cryptography wheels",
                            "Status": "fixed",
                            "PkgName": "cryptography",
                            "Severity": "LOW",
                            "DataSource": {
                                "ID": "ghsa",
                                "URL": "https://github.com/advisories?query=type%3Areviewed+ecosystem%3Apip",
                                "Name": "GitHub Security Advisory pip"
                            },
                            "PrimaryURL": "https://github.com/advisories/GHSA-5cpq-8wj7-hf2v",
                            "References": [
                                "https://cryptography.io/en/latest/changelog/#v41-0-0",
                                "https://github.com/pyca/cryptography",
                                "https://github.com/pyca/cryptography/commit/8708245ccdeaff21d65eea68a4f8d2a7c5949a22",
                                "https://github.com/pyca/cryptography/security/advisories/GHSA-5cpq-8wj7-hf2v"
                            ],
                            "Description": "pyca/cryptography's wheels include a statically linked copy of OpenSSL. The versions of OpenSSL included in cryptography 0.5-40.0.2 are vulnerable to a security issue. More details about the vulnerability itself can be found in https://www.openssl.org/news/secadv/20230530.txt.\n\nIf you are building cryptography source (\"sdist\") then you are responsible for upgrading your copy of OpenSSL. Only users installing from wheels built by the cryptography project (i.e., those distributed on PyPI) need to update their cryptography versions.",
                            "FixedVersion": "41.0.0",
                            "PkgIdentifier": {
                                "UID": "649bde032eca1663",
                                "PURL": "pkg:pypi/cryptography@3.4.8"
                            },
                            "PublishedDate": "2023-06-02T17:13:10Z",
                            "SeveritySource": "ghsa",
                            "VendorSeverity": {
                                "ghsa": 1
                            },
                            "VulnerabilityID": "GHSA-5cpq-8wj7-hf2v",
                            "InstalledVersion": "3.4.8",
                            "LastModifiedDate": "2023-06-02T17:13:10Z"
                        },
                        {
                            "Title": "pyca/cryptography's wheels include vulnerable OpenSSL",
                            "Status": "fixed",
                            "PkgName": "cryptography",
                            "Severity": "LOW",
                            "DataSource": {
                                "ID": "ghsa",
                                "URL": "https://github.com/advisories?query=type%3Areviewed+ecosystem%3Apip",
                                "Name": "GitHub Security Advisory pip"
                            },
                            "PrimaryURL": "https://github.com/advisories/GHSA-jm77-qphf-c4w8",
                            "References": [
                                "https://github.com/pyca/cryptography",
                                "https://github.com/pyca/cryptography/commit/b22271cf3c3dd8dc8978f8f4b00b5c7060b6538d",
                                "https://github.com/pyca/cryptography/commit/bfa4d95f0f356f2d535efd5c775e0fb3efe90ef2",
                                "https://github.com/pyca/cryptography/security/advisories/GHSA-jm77-qphf-c4w8",
                                "https://www.openssl.org/news/secadv/20230714.txt",
                                "https://www.openssl.org/news/secadv/20230719.txt",
                                "https://www.openssl.org/news/secadv/20230731.txt"
                            ],
                            "Description": "pyca/cryptography's wheels include a statically linked copy of OpenSSL. The versions of OpenSSL included in cryptography 0.8-41.0.2 are vulnerable to several security issues. More details about the vulnerabilities themselves can be found in https://www.openssl.org/news/secadv/20230731.txt, https://www.openssl.org/news/secadv/20230719.txt, and https://www.openssl.org/news/secadv/20230714.txt.\n\nIf you are building cryptography source (\"sdist\") then you are responsible for upgrading your copy of OpenSSL. Only users installing from wheels built by the cryptography project (i.e., those distributed on PyPI) need to update their cryptography versions.",
                            "FixedVersion": "41.0.3",
                            "PkgIdentifier": {
                                "UID": "649bde032eca1663",
                                "PURL": "pkg:pypi/cryptography@3.4.8"
                            },
                            "PublishedDate": "2023-08-01T22:34:41Z",
                            "SeveritySource": "ghsa",
                            "VendorSeverity": {
                                "ghsa": 1
                            },
                            "VulnerabilityID": "GHSA-jm77-qphf-c4w8",
                            "InstalledVersion": "3.4.8",
                            "LastModifiedDate": "2023-08-01T22:34:41Z"
                        },
                        {
                            "Title": "Vulnerable OpenSSL included in cryptography wheels",
                            "Status": "fixed",
                            "PkgName": "cryptography",
                            "Severity": "LOW",
                            "DataSource": {
                                "ID": "ghsa",
                                "URL": "https://github.com/advisories?query=type%3Areviewed+ecosystem%3Apip",
                                "Name": "GitHub Security Advisory pip"
                            },
                            "PrimaryURL": "https://github.com/advisories/GHSA-v8gr-m533-ghj9",
                            "References": [
                                "https://github.com/pyca/cryptography",
                                "https://github.com/pyca/cryptography/commit/fc11bce6930e591ce26a2317b31b9ce2b3e25512",
                                "https://github.com/pyca/cryptography/security/advisories/GHSA-v8gr-m533-ghj9"
                            ],
                            "Description": "pyca/cryptography's wheels include a statically linked copy of OpenSSL. The versions of OpenSSL included in cryptography 2.5-41.0.3 are vulnerable to several security issues. More details about the vulnerabilities themselves can be found in https://www.openssl.org/news/secadv/20230908.txt.\n\nIf you are building cryptography source (\"sdist\") then you are responsible for upgrading your copy of OpenSSL. Only users installing from wheels built by the cryptography project (i.e., those distributed on PyPI) need to update their cryptography versions.",
                            "FixedVersion": "41.0.4",
                            "PkgIdentifier": {
                                "UID": "649bde032eca1663",
                                "PURL": "pkg:pypi/cryptography@3.4.8"
                            },
                            "PublishedDate": "2023-09-21T17:07:01Z",
                            "SeveritySource": "ghsa",
                            "VendorSeverity": {
                                "ghsa": 1
                            },
                            "VulnerabilityID": "GHSA-v8gr-m533-ghj9",
                            "InstalledVersion": "3.4.8",
                            "LastModifiedDate": "2023-09-21T17:07:01Z"
                        },
                        {
                            "CVSS": {
                                "nvd": {
                                    "V2Score": 6.8,
                                    "V3Score": 7.1,
                                    "V2Vector": "AV:N/AC:M/Au:N/C:P/I:P/A:P",
                                    "V3Vector": "CVSS:3.1/AV:N/AC:L/PR:N/UI:R/S:C/C:L/I:L/A:L"
                                },
                                "ghsa": {
                                    "V3Score": 8.2,
                                    "V3Vector": "CVSS:3.1/AV:N/AC:L/PR:N/UI:R/S:C/C:L/I:H/A:N",
                                    "V40Score": 6.3,
                                    "V40Vector": "CVSS:4.0/AV:N/AC:L/AT:N/PR:N/UI:P/VC:N/VI:N/VA:N/SC:L/SI:H/SA:N"
                                },
                                "redhat": {
                                    "V3Score": 8.8,
                                    "V3Vector": "CVSS:3.1/AV:N/AC:L/PR:N/UI:R/S:C/C:L/I:H/A:L"
                                }
                            },
                            "Title": "python-lxml: HTML Cleaner allows crafted and SVG embedded scripts to pass through",
                            "CweIDs": [
                                "CWE-74",
                                "CWE-79"
                            ],
                            "Status": "fixed",
                            "PkgName": "lxml",
                            "Severity": "MEDIUM",
                            "DataSource": {
                                "ID": "ghsa",
                                "URL": "https://github.com/advisories?query=type%3Areviewed+ecosystem%3Apip",
                                "Name": "GitHub Security Advisory pip"
                            },
                            "PrimaryURL": "https://avd.aquasec.com/nvd/cve-2021-43818",
                            "References": [
                                "https://access.redhat.com/security/cve/CVE-2021-43818",
                                "https://bugzilla.redhat.com/show_bug.cgi?id=2032569",
                                "https://cve.mitre.org/cgi-bin/cvename.cgi?name=CVE-2021-43818",
                                "https://errata.almalinux.org/8/ALSA-2022-1932.html",
                                "https://errata.rockylinux.org/RLSA-2022:1932",
                                "https://github.com/lxml/lxml",
                                "https://github.com/lxml/lxml/blob/lxml-4.6.5/CHANGES.txt",
                                "https://github.com/lxml/lxml/commit/12fa9669007180a7bb87d990c375cf91ca5b664a",
                                "https://github.com/lxml/lxml/commit/12fa9669007180a7bb87d990c375cf91ca5b664a (lxml-4.6.5)",
                                "https://github.com/lxml/lxml/commit/a3eacbc0dcf1de1c822ec29fb7d090a4b1712a9c#diff-59130575b4fb2932c957db2922977d7d89afb0b2085357db1a14615a2fcad776",
                                "https://github.com/lxml/lxml/commit/f2330237440df7e8f39c3ad1b1aa8852be3b27c0",
                                "https://github.com/lxml/lxml/commit/f2330237440df7e8f39c3ad1b1aa8852be3b27c0 (lxml-4.6.5)",
                                "https://github.com/lxml/lxml/security/advisories/GHSA-55x5-fj6c-h6m8",
                                "https://github.com/pypa/advisory-database/tree/main/vulns/lxml/PYSEC-2021-852.yaml",
                                "https://linux.oracle.com/cve/CVE-2021-43818.html",
                                "https://linux.oracle.com/errata/ELSA-2022-9341.html",
                                "https://lists.debian.org/debian-lts-announce/2021/12/msg00037.html",
                                "https://lists.fedoraproject.org/archives/list/package-announce%40lists.fedoraproject.org/message/TUIS2KE3HZ2AAQKXFLTJFZPP2IFHJTC7/",
                                "https://lists.fedoraproject.org/archives/list/package-announce%40lists.fedoraproject.org/message/V2XMOM5PFT6U5AAXY6EFNT5JZCKKHK2V/",
                                "https://lists.fedoraproject.org/archives/list/package-announce%40lists.fedoraproject.org/message/WZGNET2A4WGLSUXLBFYKNC5PXHQMI3I7/",
                                "https://lists.fedoraproject.org/archives/list/package-announce%40lists.fedoraproject.org/message/ZQ4SPKJX3RRJK4UWA6FXCRHD2TVRQI44/",
                                "https://lists.fedoraproject.org/archives/list/package-announce@lists.fedoraproject.org/message/TUIS2KE3HZ2AAQKXFLTJFZPP2IFHJTC7",
                                "https://lists.fedoraproject.org/archives/list/package-announce@lists.fedoraproject.org/message/V2XMOM5PFT6U5AAXY6EFNT5JZCKKHK2V",
                                "https://lists.fedoraproject.org/archives/list/package-announce@lists.fedoraproject.org/message/WZGNET2A4WGLSUXLBFYKNC5PXHQMI3I7",
                                "https://lists.fedoraproject.org/archives/list/package-announce@lists.fedoraproject.org/message/ZQ4SPKJX3RRJK4UWA6FXCRHD2TVRQI44",
                                "https://nvd.nist.gov/vuln/detail/CVE-2021-43818",
                                "https://security.gentoo.org/glsa/202208-06",
                                "https://security.netapp.com/advisory/ntap-20220107-0005",
                                "https://security.netapp.com/advisory/ntap-20220107-0005/",
                                "https://ubuntu.com/security/notices/USN-5225-1",
                                "https://www.cve.org/CVERecord?id=CVE-2021-43818",
                                "https://www.debian.org/security/2022/dsa-5043",
                                "https://www.oracle.com/security-alerts/cpuapr2022.html",
                                "https://www.oracle.com/security-alerts/cpujul2022.html"
                            ],
                            "Description": "lxml is a library for processing XML and HTML in the Python language. Prior to version 4.6.5, the HTML Cleaner in lxml.html lets certain crafted script content pass through, as well as script content in SVG files embedded using data URIs. Users that employ the HTML cleaner in a security relevant context should upgrade to lxml 4.6.5 to receive a patch. There are no known workarounds available.",
                            "FixedVersion": "4.6.5",
                            "PkgIdentifier": {
                                "UID": "7db505118586b6e3",
                                "PURL": "pkg:pypi/lxml@4.6.3"
                            },
                            "PublishedDate": "2021-12-13T18:15:08.387Z",
                            "SeveritySource": "ghsa",
                            "VendorSeverity": {
                                "nvd": 3,
                                "alma": 2,
                                "ghsa": 2,
                                "rocky": 2,
                                "amazon": 3,
                                "photon": 3,
                                "redhat": 2,
                                "ubuntu": 2,
                                "cbl-mariner": 3,
                                "oracle-oval": 3
                            },
                            "VulnerabilityID": "CVE-2021-43818",
                            "InstalledVersion": "4.6.3",
                            "LastModifiedDate": "2024-11-21T06:29:51.497Z"
                        },
                        {
                            "CVSS": {
                                "nvd": {
                                    "V2Score": 5,
                                    "V3Score": 7.5,
                                    "V2Vector": "AV:N/AC:L/Au:N/C:N/I:N/A:P",
                                    "V3Vector": "CVSS:3.1/AV:N/AC:L/PR:N/UI:N/S:U/C:N/I:N/A:H"
                                },
                                "ghsa": {
                                    "V3Score": 5.3,
                                    "V3Vector": "CVSS:3.0/AV:N/AC:L/PR:N/UI:N/S:U/C:N/I:N/A:L",
                                    "V40Score": 6.9,
                                    "V40Vector": "CVSS:4.0/AV:N/AC:L/AT:N/PR:N/UI:N/VC:N/VI:N/VA:L/SC:N/SI:N/SA:N"
                                },
                                "redhat": {
                                    "V3Score": 7.5,
                                    "V3Vector": "CVSS:3.1/AV:N/AC:L/PR:N/UI:N/S:U/C:N/I:N/A:H"
                                }
                            },
                            "Title": "lxml: NULL Pointer Dereference in lxml",
                            "CweIDs": [
                                "CWE-476"
                            ],
                            "Status": "fixed",
                            "PkgName": "lxml",
                            "Severity": "MEDIUM",
                            "DataSource": {
                                "ID": "ghsa",
                                "URL": "https://github.com/advisories?query=type%3Areviewed+ecosystem%3Apip",
                                "Name": "GitHub Security Advisory pip"
                            },
                            "PrimaryURL": "https://avd.aquasec.com/nvd/cve-2022-2309",
                            "References": [
                                "https://access.redhat.com/errata/RHSA-2022:8226",
                                "https://access.redhat.com/security/cve/CVE-2022-2309",
                                "https://bugzilla.redhat.com/2107571",
                                "https://bugzilla.redhat.com/show_bug.cgi?id=2107571",
                                "https://cve.mitre.org/cgi-bin/cvename.cgi?name=CVE-2022-2309",
                                "https://errata.almalinux.org/9/ALSA-2022-8226.html",
                                "https://errata.rockylinux.org/RLSA-2022:8226",
                                "https://github.com/advisories/GHSA-wrxv-2j5q-m38w",
                                "https://github.com/lxml/lxml",
                                "https://github.com/lxml/lxml/blob/master/CHANGES.txt",
                                "https://github.com/lxml/lxml/commit/86368e9cf70a0ad23cccd5ee32de847149af0c6f",
                                "https://github.com/lxml/lxml/commit/86368e9cf70a0ad23cccd5ee32de847149af0c6f (lxml-4.9.1)",
                                "https://github.com/pypa/advisory-database/tree/main/vulns/lxml/PYSEC-2022-230.yaml",
                                "https://gitlab.gnome.org/GNOME/libxml2/-/issues/378",
                                "https://huntr.dev/bounties/8264e74f-edda-4c40-9956-49de635105ba",
                                "https://huntr.dev/bounties/8264e74f-edda-4c40-9956-49de635105ba/",
                                "https://linux.oracle.com/cve/CVE-2022-2309.html",
                                "https://linux.oracle.com/errata/ELSA-2022-8226.html",
                                "https://lists.debian.org/debian-lts-announce/2024/09/msg00021.html",
                                "https://lists.fedoraproject.org/archives/list/package-announce%40lists.fedoraproject.org/message/HGYC6L7ENH5VEGN3YWFBYMGKX6WNS7HZ",
                                "https://lists.fedoraproject.org/archives/list/package-announce%40lists.fedoraproject.org/message/HGYC6L7ENH5VEGN3YWFBYMGKX6WNS7HZ/",
                                "https://lists.fedoraproject.org/archives/list/package-announce%40lists.fedoraproject.org/message/URHHSIBTPTALXMECRLAC2EVDNAFSR5NO",
                                "https://lists.fedoraproject.org/archives/list/package-announce%40lists.fedoraproject.org/message/URHHSIBTPTALXMECRLAC2EVDNAFSR5NO/",
                                "https://lists.fedoraproject.org/archives/list/package-announce@lists.fedoraproject.org/message/HGYC6L7ENH5VEGN3YWFBYMGKX6WNS7HZ",
                                "https://lists.fedoraproject.org/archives/list/package-announce@lists.fedoraproject.org/message/URHHSIBTPTALXMECRLAC2EVDNAFSR5NO",
                                "https://nvd.nist.gov/vuln/detail/CVE-2022-2309",
                                "https://security.gentoo.org/glsa/202208-06",
                                "https://security.netapp.com/advisory/ntap-20220915-0006",
                                "https://security.netapp.com/advisory/ntap-20220915-0006/",
                                "https://ubuntu.com/security/notices/USN-5760-1",
                                "https://ubuntu.com/security/notices/USN-6028-2",
                                "https://www.cve.org/CVERecord?id=CVE-2022-2309"
                            ],
                            "Description": "NULL Pointer Dereference allows attackers to cause a denial of service (or application crash). This only applies when lxml is used together with libxml2 2.9.10 through 2.9.14. libxml2 2.9.9 and earlier are not affected. It allows triggering crashes through forged input data, given a vulnerable code sequence in the application. The vulnerability is caused by the iterwalk function (also used by the canonicalize function). Such code shouldn't be in wide-spread use, given that parsing + iterwalk would usually be replaced with the more efficient iterparse function. However, an XML converter that serialises to C14N would also be vulnerable, for example, and there are legitimate use cases for this code sequence. If untrusted input is received (also remotely) and processed via iterwalk function, a crash can be triggered.",
                            "FixedVersion": "4.9.1",
                            "PkgIdentifier": {
                                "UID": "7db505118586b6e3",
                                "PURL": "pkg:pypi/lxml@4.6.3"
                            },
                            "PublishedDate": "2022-07-05T10:15:08.763Z",
                            "SeveritySource": "ghsa",
                            "VendorSeverity": {
                                "nvd": 3,
                                "alma": 2,
                                "ghsa": 2,
                                "rocky": 2,
                                "amazon": 3,
                                "photon": 3,
                                "redhat": 2,
                                "ubuntu": 1,
                                "cbl-mariner": 3,
                                "oracle-oval": 2
                            },
                            "VulnerabilityID": "CVE-2022-2309",
                            "InstalledVersion": "4.6.3",
                            "LastModifiedDate": "2025-11-04T16:15:49.557Z"
                        },
                        {
                            "CVSS": {
                                "nvd": {
                                    "V2Score": 3.5,
                                    "V3Score": 5.3,
                                    "V2Vector": "AV:N/AC:M/Au:S/C:N/I:N/A:P",
                                    "V3Vector": "CVSS:3.1/AV:N/AC:H/PR:L/UI:N/S:U/C:N/I:N/A:H"
                                },
                                "ghsa": {
                                    "V3Score": 5.3,
                                    "V3Vector": "CVSS:3.1/AV:N/AC:H/PR:L/UI:N/S:U/C:N/I:N/A:H",
                                    "V40Score": 6,
                                    "V40Vector": "CVSS:4.0/AV:N/AC:H/AT:N/PR:L/UI:N/VC:N/VI:N/VA:H/SC:N/SI:N/SA:N"
                                },
                                "redhat": {
                                    "V3Score": 7.5,
                                    "V3Vector": "CVSS:3.1/AV:N/AC:L/PR:N/UI:N/S:U/C:N/I:N/A:H"
                                }
                            },
                            "Title": "numpy: buffer overflow in the PyArray_NewFromDescr_int() in ctors.c",
                            "CweIDs": [
                                "CWE-120"
                            ],
                            "Status": "fixed",
                            "PkgName": "numpy",
                            "Severity": "MEDIUM",
                            "DataSource": {
                                "ID": "ghsa",
                                "URL": "https://github.com/advisories?query=type%3Areviewed+ecosystem%3Apip",
                                "Name": "GitHub Security Advisory pip"
                            },
                            "PrimaryURL": "https://avd.aquasec.com/nvd/cve-2021-33430",
                            "References": [
                                "https://access.redhat.com/security/cve/CVE-2021-33430",
                                "https://github.com/numpy/numpy",
                                "https://github.com/numpy/numpy/commit/16f7824b4d935b6aee98298ca4123d57174a6f2e (v1.22.0.dev0)",
                                "https://github.com/numpy/numpy/commit/ae317fd9ff3e79c0eac357d723bfc29cbd625f2e",
                                "https://github.com/numpy/numpy/issues/18939",
                                "https://github.com/numpy/numpy/pull/18989",
                                "https://github.com/pypa/advisory-database/tree/main/vulns/numpy/PYSEC-2021-854.yaml",
                                "https://nvd.nist.gov/vuln/detail/CVE-2021-33430",
                                "https://ubuntu.com/security/notices/USN-5763-1",
                                "https://www.cve.org/CVERecord?id=CVE-2021-33430"
                            ],
                            "Description": "A Buffer Overflow vulnerability exists in NumPy 1.9.x in the PyArray_NewFromDescr_int function of ctors.c when specifying arrays of large dimensions (over 32) from Python code, which could let a malicious user cause a Denial of Service. NOTE: The vendor does not agree this is a vulneraility; In (very limited) circumstances a user may be able provoke the buffer overflow, the user is most likely already privileged to at least provoke denial of service by exhausting memory. Triggering this further requires the use of uncommon API (complicated structured dtypes), which is very unlikely to be available to an unprivileged user",
                            "FixedVersion": "1.21",
                            "PkgIdentifier": {
                                "UID": "63fe4b500011e008",
                                "PURL": "pkg:pypi/numpy@1.20.3"
                            },
                            "PublishedDate": "2021-12-17T19:15:07.5Z",
                            "SeveritySource": "ghsa",
                            "VendorSeverity": {
                                "nvd": 2,
                                "ghsa": 2,
                                "redhat": 2,
                                "ubuntu": 2
                            },
                            "VulnerabilityID": "CVE-2021-33430",
                            "InstalledVersion": "1.20.3",
                            "LastModifiedDate": "2024-11-21T06:08:48.743Z"
                        },
                        {
                            "CVSS": {
                                "nvd": {
                                    "V2Score": 5,
                                    "V3Score": 5.3,
                                    "V2Vector": "AV:N/AC:L/Au:N/C:N/I:N/A:P",
                                    "V3Vector": "CVSS:3.1/AV:N/AC:L/PR:N/UI:N/S:U/C:N/I:N/A:L"
                                },
                                "ghsa": {
                                    "V3Score": 5.3,
                                    "V3Vector": "CVSS:3.1/AV:N/AC:L/PR:N/UI:N/S:U/C:N/I:N/A:L"
                                },
                                "redhat": {
                                    "V3Score": 2.2,
                                    "V3Vector": "CVSS:3.1/AV:N/AC:H/PR:H/UI:N/S:U/C:N/I:N/A:L"
                                }
                            },
                            "Title": "numpy: incomplete string comparison in the numpy.core component",
                            "CweIDs": [
                                "CWE-697"
                            ],
                            "Status": "fixed",
                            "PkgName": "numpy",
                            "Severity": "MEDIUM",
                            "DataSource": {
                                "ID": "ghsa",
                                "URL": "https://github.com/advisories?query=type%3Areviewed+ecosystem%3Apip",
                                "Name": "GitHub Security Advisory pip"
                            },
                            "PrimaryURL": "https://avd.aquasec.com/nvd/cve-2021-34141",
                            "References": [
                                "https://access.redhat.com/security/cve/CVE-2021-34141",
                                "https://github.com/advisories/GHSA-fpfv-jqm9-f5jm",
                                "https://github.com/numpy/numpy",
                                "https://github.com/numpy/numpy/commit/eeef9d4646103c3b1afd3085f1393f2b3f9575b2 (v1.23.0.dev0)",
                                "https://github.com/numpy/numpy/issues/18993",
                                "https://github.com/numpy/numpy/issues/18993#issuecomment-1010735102",
                                "https://github.com/pypa/advisory-database/tree/main/vulns/numpy/PYSEC-2021-855.yaml",
                                "https://nvd.nist.gov/vuln/detail/CVE-2021-34141",
                                "https://ubuntu.com/security/notices/USN-5763-1",
                                "https://www.cve.org/CVERecord?id=CVE-2021-34141",
                                "https://www.oracle.com/security-alerts/cpujul2022.html"
                            ],
                            "Description": "An incomplete string comparison in the numpy.core component in NumPy before 1.22.0 allows attackers to trigger slightly incorrect copying by constructing specific string objects. NOTE: the vendor states that this reported code behavior is \"completely harmless.\"",
                            "FixedVersion": "1.22",
                            "PkgIdentifier": {
                                "UID": "63fe4b500011e008",
                                "PURL": "pkg:pypi/numpy@1.20.3"
                            },
                            "PublishedDate": "2021-12-17T19:15:07.543Z",
                            "SeveritySource": "ghsa",
                            "VendorSeverity": {
                                "nvd": 2,
                                "ghsa": 2,
                                "redhat": 1,
                                "ubuntu": 2
                            },
                            "VulnerabilityID": "CVE-2021-34141",
                            "InstalledVersion": "1.20.3",
                            "LastModifiedDate": "2024-11-21T06:09:56.397Z"
                        },
                        {
                            "CVSS": {
                                "nvd": {
                                    "V3Score": 6.1,
                                    "V3Vector": "CVSS:3.1/AV:N/AC:H/PR:N/UI:R/S:C/C:H/I:N/A:N"
                                },
                                "ghsa": {
                                    "V3Score": 6.1,
                                    "V3Vector": "CVSS:3.1/AV:N/AC:H/PR:N/UI:R/S:C/C:H/I:N/A:N"
                                },
                                "redhat": {
                                    "V3Score": 6.1,
                                    "V3Vector": "CVSS:3.1/AV:N/AC:H/PR:N/UI:R/S:C/C:H/I:N/A:N"
                                }
                            },
                            "Title": "python-requests: Unintended leak of Proxy-Authorization header",
                            "CweIDs": [
                                "CWE-200"
                            ],
                            "Status": "fixed",
                            "PkgName": "requests",
                            "Severity": "MEDIUM",
                            "DataSource": {
                                "ID": "ghsa",
                                "URL": "https://github.com/advisories?query=type%3Areviewed+ecosystem%3Apip",
                                "Name": "GitHub Security Advisory pip"
                            },
                            "PrimaryURL": "https://avd.aquasec.com/nvd/cve-2023-32681",
                            "References": [
                                "https://access.redhat.com/errata/RHSA-2023:4350",
                                "https://access.redhat.com/security/cve/CVE-2023-32681",
                                "https://bugzilla.redhat.com/2209469",
                                "https://bugzilla.redhat.com/show_bug.cgi?id=2209469",
                                "https://cve.mitre.org/cgi-bin/cvename.cgi?name=CVE-2023-32681",
                                "https://errata.almalinux.org/9/ALSA-2023-4350.html",
                                "https://errata.rockylinux.org/RLSA-2023:4520",
                                "https://github.com/psf/requests",
                                "https://github.com/psf/requests/commit/74ea7cf7a6a27a4eeb2ae24e162bcc942a6706d5",
                                "https://github.com/psf/requests/releases/tag/v2.31.0",
                                "https://github.com/psf/requests/security/advisories/GHSA-j8r2-6x86-q33q",
                                "https://github.com/pypa/advisory-database/tree/main/vulns/requests/PYSEC-2023-74.yaml",
                                "https://linux.oracle.com/cve/CVE-2023-32681.html",
                                "https://linux.oracle.com/errata/ELSA-2023-7050.html",
                                "https://lists.debian.org/debian-lts-announce/2023/06/msg00018.html",
                                "https://lists.fedoraproject.org/archives/list/package-announce@lists.fedoraproject.org/message/AW7HNFGYP44RT3DUDQXG2QT3OEV2PJ7Y",
                                "https://lists.fedoraproject.org/archives/list/package-announce@lists.fedoraproject.org/message/AW7HNFGYP44RT3DUDQXG2QT3OEV2PJ7Y/",
                                "https://lists.fedoraproject.org/archives/list/package-announce@lists.fedoraproject.org/message/KOYASTZDGQG2BWLSNBPL3TQRL2G7QYNZ",
                                "https://lists.fedoraproject.org/archives/list/package-announce@lists.fedoraproject.org/message/KOYASTZDGQG2BWLSNBPL3TQRL2G7QYNZ/",
                                "https://nvd.nist.gov/vuln/detail/CVE-2023-32681",
                                "https://security.gentoo.org/glsa/202309-08",
                                "https://ubuntu.com/security/notices/USN-6155-1",
                                "https://ubuntu.com/security/notices/USN-6155-2",
                                "https://ubuntu.com/security/notices/USN-7568-1",
                                "https://ubuntu.com/security/notices/USN-7762-1",
                                "https://www.cve.org/CVERecord?id=CVE-2023-32681"
                            ],
                            "Description": "Requests is a HTTP library. Since Requests 2.3.0, Requests has been leaking Proxy-Authorization headers to destination servers when redirected to an HTTPS endpoint. This is a product of how we use `rebuild_proxies` to reattach the `Proxy-Authorization` header to requests. For HTTP connections sent through the tunnel, the proxy will identify the header in the request itself and remove it prior to forwarding to the destination server. However when sent over HTTPS, the `Proxy-Authorization` header must be sent in the CONNECT request as the proxy has no visibility into the tunneled request. This results in Requests forwarding proxy credentials to the destination server unintentionally, allowing a malicious actor to potentially exfiltrate sensitive information. This issue has been patched in version 2.31.0.",
                            "FixedVersion": "2.31.0",
                            "PkgIdentifier": {
                                "UID": "4909e4a934948bd9",
                                "PURL": "pkg:pypi/requests@2.25.1"
                            },
                            "PublishedDate": "2023-05-26T18:15:14.147Z",
                            "SeveritySource": "ghsa",
                            "VendorSeverity": {
                                "nvd": 2,
                                "alma": 2,
                                "ghsa": 2,
                                "rocky": 2,
                                "amazon": 2,
                                "photon": 2,
                                "redhat": 2,
                                "ubuntu": 2,
                                "cbl-mariner": 2,
                                "oracle-oval": 2
                            },
                            "VulnerabilityID": "CVE-2023-32681",
                            "InstalledVersion": "2.25.1",
                            "LastModifiedDate": "2025-02-13T17:16:32.583Z"
                        },
                        {
                            "CVSS": {
                                "ghsa": {
                                    "V3Score": 5.6,
                                    "V3Vector": "CVSS:3.1/AV:L/AC:H/PR:H/UI:R/S:U/C:H/I:H/A:N"
                                },
                                "redhat": {
                                    "V3Score": 5.6,
                                    "V3Vector": "CVSS:3.1/AV:L/AC:H/PR:H/UI:R/S:U/C:H/I:H/A:N"
                                }
                            },
                            "Title": "requests: subsequent requests to the same host ignore cert verification",
                            "CweIDs": [
                                "CWE-670"
                            ],
                            "Status": "fixed",
                            "PkgName": "requests",
                            "Severity": "MEDIUM",
                            "DataSource": {
                                "ID": "ghsa",
                                "URL": "https://github.com/advisories?query=type%3Areviewed+ecosystem%3Apip",
                                "Name": "GitHub Security Advisory pip"
                            },
                            "PrimaryURL": "https://avd.aquasec.com/nvd/cve-2024-35195",
                            "References": [
                                "https://access.redhat.com/errata/RHSA-2025:7049",
                                "https://access.redhat.com/security/cve/CVE-2024-35195",
                                "https://bugzilla.redhat.com/2282114",
                                "https://bugzilla.redhat.com/show_bug.cgi?id=2282114",
                                "https://cve.mitre.org/cgi-bin/cvename.cgi?name=CVE-2024-35195",
                                "https://errata.almalinux.org/9/ALSA-2025-7049.html",
                                "https://errata.rockylinux.org/RLSA-2025:7049",
                                "https://github.com/psf/requests",
                                "https://github.com/psf/requests/commit/a58d7f2ffb4d00b46dca2d70a3932a0b37e22fac",
                                "https://github.com/psf/requests/pull/6655",
                                "https://github.com/psf/requests/security/advisories/GHSA-9wx4-h78v-vm56",
                                "https://linux.oracle.com/cve/CVE-2024-35195.html",
                                "https://linux.oracle.com/errata/ELSA-2025-7049.html",
                                "https://lists.fedoraproject.org/archives/list/package-announce@lists.fedoraproject.org/message/IYLSNK5TL46Q6XPRVMHVWS63MVJQOK4Q",
                                "https://lists.fedoraproject.org/archives/list/package-announce@lists.fedoraproject.org/message/IYLSNK5TL46Q6XPRVMHVWS63MVJQOK4Q/",
                                "https://lists.fedoraproject.org/archives/list/package-announce@lists.fedoraproject.org/message/N7WP6EYDSUOCOJYHDK5NX43PYZ4SNHGZ",
                                "https://lists.fedoraproject.org/archives/list/package-announce@lists.fedoraproject.org/message/N7WP6EYDSUOCOJYHDK5NX43PYZ4SNHGZ/",
                                "https://nvd.nist.gov/vuln/detail/CVE-2024-35195",
                                "https://www.cve.org/CVERecord?id=CVE-2024-35195"
                            ],
                            "Description": "Requests is a HTTP library. Prior to 2.32.0, when making requests through a Requests `Session`, if the first request is made with `verify=False` to disable cert verification, all subsequent requests to the same host will continue to ignore cert verification regardless of changes to the value of `verify`. This behavior will continue for the lifecycle of the connection in the connection pool. This vulnerability is fixed in 2.32.0.",
                            "FixedVersion": "2.32.0",
                            "PkgIdentifier": {
                                "UID": "4909e4a934948bd9",
                                "PURL": "pkg:pypi/requests@2.25.1"
                            },
                            "PublishedDate": "2024-05-20T21:15:09.99Z",
                            "SeveritySource": "ghsa",
                            "VendorSeverity": {
                                "alma": 2,
                                "ghsa": 2,
                                "azure": 2,
                                "rocky": 2,
                                "amazon": 2,
                                "photon": 2,
                                "redhat": 2,
                                "ubuntu": 2,
                                "cbl-mariner": 2,
                                "oracle-oval": 2
                            },
                            "VulnerabilityID": "CVE-2024-35195",
                            "InstalledVersion": "2.25.1",
                            "LastModifiedDate": "2024-11-21T09:19:54.51Z"
                        },
                        {
                            "CVSS": {
                                "ghsa": {
                                    "V3Score": 5.3,
                                    "V3Vector": "CVSS:3.1/AV:N/AC:H/PR:N/UI:R/S:U/C:H/I:N/A:N"
                                },
                                "redhat": {
                                    "V3Score": 5.3,
                                    "V3Vector": "CVSS:3.1/AV:N/AC:H/PR:N/UI:R/S:U/C:H/I:N/A:N"
                                }
                            },
                            "Title": "requests: Requests vulnerable to .netrc credentials leak via malicious URLs",
                            "CweIDs": [
                                "CWE-522"
                            ],
                            "Status": "fixed",
                            "PkgName": "requests",
                            "Severity": "MEDIUM",
                            "DataSource": {
                                "ID": "ghsa",
                                "URL": "https://github.com/advisories?query=type%3Areviewed+ecosystem%3Apip",
                                "Name": "GitHub Security Advisory pip"
                            },
                            "PrimaryURL": "https://avd.aquasec.com/nvd/cve-2024-47081",
                            "References": [
                                "http://seclists.org/fulldisclosure/2025/Jun/2",
                                "http://www.openwall.com/lists/oss-security/2025/06/03/11",
                                "http://www.openwall.com/lists/oss-security/2025/06/03/9",
                                "http://www.openwall.com/lists/oss-security/2025/06/04/1",
                                "http://www.openwall.com/lists/oss-security/2025/06/04/6",
                                "https://access.redhat.com/errata/RHSA-2025:12519",
                                "https://access.redhat.com/security/cve/CVE-2024-47081",
                                "https://bugzilla.redhat.com/2371272",
                                "https://bugzilla.redhat.com/show_bug.cgi?id=2371272",
                                "https://cve.mitre.org/cgi-bin/cvename.cgi?name=CVE-2024-47081",
                                "https://errata.almalinux.org/9/ALSA-2025-12519.html",
                                "https://errata.rockylinux.org/RLSA-2025:12519",
                                "https://github.com/psf/requests",
                                "https://github.com/psf/requests/commit/96ba401c1296ab1dda74a2365ef36d88f7d144ef",
                                "https://github.com/psf/requests/pull/6965",
                                "https://github.com/psf/requests/security/advisories/GHSA-9hjg-9r4m-mvj7",
                                "https://linux.oracle.com/cve/CVE-2024-47081.html",
                                "https://linux.oracle.com/errata/ELSA-2025-14999.html",
                                "https://nvd.nist.gov/vuln/detail/CVE-2024-47081",
                                "https://requests.readthedocs.io/en/latest/api/#requests.Session.trust_env",
                                "https://seclists.org/fulldisclosure/2025/Jun/2",
                                "https://ubuntu.com/security/notices/USN-7568-1",
                                "https://ubuntu.com/security/notices/USN-7762-1",
                                "https://www.cve.org/CVERecord?id=CVE-2024-47081",
                                "https://www.openwall.com/lists/oss-security/2025/06/03/9"
                            ],
                            "Description": "Requests is a HTTP library. Due to a URL parsing issue, Requests releases prior to 2.32.4 may leak .netrc credentials to third parties for specific maliciously-crafted URLs. Users should upgrade to version 2.32.4 to receive a fix. For older versions of Requests, use of the .netrc file can be disabled with `trust_env=False` on one's Requests Session.",
                            "FixedVersion": "2.32.4",
                            "PkgIdentifier": {
                                "UID": "4909e4a934948bd9",
                                "PURL": "pkg:pypi/requests@2.25.1"
                            },
                            "PublishedDate": "2025-06-09T18:15:24.983Z",
                            "SeveritySource": "ghsa",
                            "VendorSeverity": {
                                "alma": 2,
                                "ghsa": 2,
                                "azure": 2,
                                "rocky": 2,
                                "amazon": 2,
                                "photon": 2,
                                "redhat": 2,
                                "ubuntu": 2,
                                "cbl-mariner": 2,
                                "oracle-oval": 2
                            },
                            "VulnerabilityID": "CVE-2024-47081",
                            "InstalledVersion": "2.25.1",
                            "LastModifiedDate": "2025-06-12T16:06:47.857Z"
                        },
                        {
                            "CVSS": {
                                "nvd": {
                                    "V3Score": 8.1,
                                    "V3Vector": "CVSS:3.1/AV:N/AC:L/PR:L/UI:N/S:U/C:H/I:H/A:N"
                                },
                                "ghsa": {
                                    "V3Score": 5.9,
                                    "V3Vector": "CVSS:3.1/AV:N/AC:H/PR:H/UI:N/S:U/C:H/I:H/A:N",
                                    "V40Score": 7.4,
                                    "V40Vector": "CVSS:4.0/AV:N/AC:L/AT:P/PR:H/UI:N/VC:H/VI:H/VA:N/SC:N/SI:N/SA:N"
                                },
                                "redhat": {
                                    "V3Score": 5.9,
                                    "V3Vector": "CVSS:3.1/AV:N/AC:H/PR:H/UI:N/S:U/C:H/I:H/A:N"
                                }
                            },
                            "Title": "python-urllib3: Cookie request header isn't stripped during cross-origin redirects",
                            "CweIDs": [
                                "CWE-200"
                            ],
                            "Status": "fixed",
                            "PkgName": "urllib3",
                            "Severity": "HIGH",
                            "DataSource": {
                                "ID": "ghsa",
                                "URL": "https://github.com/advisories?query=type%3Areviewed+ecosystem%3Apip",
                                "Name": "GitHub Security Advisory pip"
                            },
                            "PrimaryURL": "https://avd.aquasec.com/nvd/cve-2023-43804",
                            "References": [
                                "https://access.redhat.com/errata/RHSA-2024:2159",
                                "https://access.redhat.com/security/cve/CVE-2023-43804",
                                "https://bugzilla.redhat.com/2242493",
                                "https://bugzilla.redhat.com/show_bug.cgi?id=2158559",
                                "https://bugzilla.redhat.com/show_bug.cgi?id=2240059",
                                "https://bugzilla.redhat.com/show_bug.cgi?id=2242493",
                                "https://bugzilla.redhat.com/show_bug.cgi?id=2249755",
                                "https://bugzilla.redhat.com/show_bug.cgi?id=2257854",
                                "https://cve.mitre.org/cgi-bin/cvename.cgi?name=CVE-2022-40897",
                                "https://cve.mitre.org/cgi-bin/cvename.cgi?name=CVE-2022-48560",
                                "https://cve.mitre.org/cgi-bin/cvename.cgi?name=CVE-2022-48565",
                                "https://cve.mitre.org/cgi-bin/cvename.cgi?name=CVE-2023-43804",
                                "https://cve.mitre.org/cgi-bin/cvename.cgi?name=CVE-2024-22195",
                                "https://errata.almalinux.org/9/ALSA-2024-2159.html",
                                "https://errata.rockylinux.org/RLSA-2024:2987",
                                "https://github.com/pypa/advisory-database/tree/main/vulns/urllib3/PYSEC-2023-192.yaml",
                                "https://github.com/urllib3/urllib3",
                                "https://github.com/urllib3/urllib3/commit/01220354d389cd05474713f8c982d05c9b17aafb",
                                "https://github.com/urllib3/urllib3/commit/644124ecd0b6e417c527191f866daa05a5a2056d",
                                "https://github.com/urllib3/urllib3/security/advisories/GHSA-v845-jxx5-vc9f",
                                "https://linux.oracle.com/cve/CVE-2023-43804.html",
                                "https://linux.oracle.com/errata/ELSA-2024-2987.html",
                                "https://lists.debian.org/debian-lts-announce/2023/10/msg00012.html",
                                "https://lists.debian.org/debian-lts-announce/2024/12/msg00020.html",
                                "https://lists.fedoraproject.org/archives/list/package-announce@lists.fedoraproject.org/message/5F5CUBAN5XMEBVBZPHFITBLMJV5FIJJ5",
                                "https://lists.fedoraproject.org/archives/list/package-announce@lists.fedoraproject.org/message/5F5CUBAN5XMEBVBZPHFITBLMJV5FIJJ5/",
                                "https://lists.fedoraproject.org/archives/list/package-announce@lists.fedoraproject.org/message/I3PR7C6RJ6JUBQKIJ644DMIJSUP36VDY",
                                "https://lists.fedoraproject.org/archives/list/package-announce@lists.fedoraproject.org/message/I3PR7C6RJ6JUBQKIJ644DMIJSUP36VDY/",
                                "https://lists.fedoraproject.org/archives/list/package-announce@lists.fedoraproject.org/message/NDAGZXYJ7H2G3SB47M453VQVNAWKAEJJ",
                                "https://lists.fedoraproject.org/archives/list/package-announce@lists.fedoraproject.org/message/NDAGZXYJ7H2G3SB47M453VQVNAWKAEJJ/",
                                "https://nvd.nist.gov/vuln/detail/CVE-2023-43804",
                                "https://security.netapp.com/advisory/ntap-20241213-0007",
                                "https://security.netapp.com/advisory/ntap-20241213-0007/",
                                "https://ubuntu.com/security/notices/USN-6473-1",
                                "https://ubuntu.com/security/notices/USN-6473-2",
                                "https://www.cve.org/CVERecord?id=CVE-2023-43804",
                                "https://www.vicarius.io/vsociety/posts/cve-2023-43804-urllib3-vulnerability-3"
                            ],
                            "Description": "urllib3 is a user-friendly HTTP client library for Python. urllib3 doesn't treat the `Cookie` HTTP header special or provide any helpers for managing cookies over HTTP, that is the responsibility of the user. However, it is possible for a user to specify a `Cookie` header and unknowingly leak information via HTTP redirects to a different origin if that user doesn't disable redirects explicitly. This issue has been patched in urllib3 version 1.26.17 or 2.0.5.",
                            "FixedVersion": "2.0.6, 1.26.17",
                            "PkgIdentifier": {
                                "UID": "be7b7abcc995abbd",
                                "PURL": "pkg:pypi/urllib3@1.26.5"
                            },
                            "PublishedDate": "2023-10-04T17:15:10.163Z",
                            "SeveritySource": "ghsa",
                            "VendorSeverity": {
                                "nvd": 3,
                                "alma": 2,
                                "ghsa": 3,
                                "azure": 3,
                                "rocky": 2,
                                "amazon": 2,
                                "photon": 3,
                                "redhat": 2,
                                "ubuntu": 2,
                                "cbl-mariner": 2,
                                "oracle-oval": 2
                            },
                            "VulnerabilityID": "CVE-2023-43804",
                            "InstalledVersion": "1.26.5",
                            "LastModifiedDate": "2025-11-03T22:16:27.767Z"
                        },
                        {
                            "CVSS": {
                                "nvd": {
                                    "V3Score": 7.5,
                                    "V3Vector": "CVSS:3.1/AV:N/AC:L/PR:N/UI:N/S:U/C:N/I:N/A:H"
                                },
                                "ghsa": {
                                    "V40Score": 8.9,
                                    "V40Vector": "CVSS:4.0/AV:N/AC:L/AT:P/PR:N/UI:N/VC:N/VI:N/VA:H/SC:N/SI:N/SA:H"
                                },
                                "redhat": {
                                    "V3Score": 7.5,
                                    "V3Vector": "CVSS:3.1/AV:N/AC:L/PR:N/UI:N/S:U/C:N/I:N/A:H"
                                }
                            },
                            "Title": "urllib3: urllib3: Unbounded decompression chain leads to resource exhaustion",
                            "CweIDs": [
                                "CWE-770"
                            ],
                            "Status": "fixed",
                            "PkgName": "urllib3",
                            "Severity": "HIGH",
                            "DataSource": {
                                "ID": "ghsa",
                                "URL": "https://github.com/advisories?query=type%3Areviewed+ecosystem%3Apip",
                                "Name": "GitHub Security Advisory pip"
                            },
                            "PrimaryURL": "https://avd.aquasec.com/nvd/cve-2025-66418",
                            "References": [
                                "https://access.redhat.com/errata/RHSA-2026:1239",
                                "https://access.redhat.com/security/cve/CVE-2025-66418",
                                "https://bugzilla.redhat.com/2419455",
                                "https://bugzilla.redhat.com/2419467",
                                "https://bugzilla.redhat.com/2427726",
                                "https://bugzilla.redhat.com/show_bug.cgi?id=2419455",
                                "https://bugzilla.redhat.com/show_bug.cgi?id=2419467",
                                "https://bugzilla.redhat.com/show_bug.cgi?id=2427726",
                                "https://cve.mitre.org/cgi-bin/cvename.cgi?name=CVE-2025-66418",
                                "https://cve.mitre.org/cgi-bin/cvename.cgi?name=CVE-2025-66471",
                                "https://cve.mitre.org/cgi-bin/cvename.cgi?name=CVE-2026-21441",
                                "https://errata.almalinux.org/9/ALSA-2026-1239.html",
                                "https://errata.rockylinux.org/RLSA-2026:1087",
                                "https://github.com/urllib3/urllib3",
                                "https://github.com/urllib3/urllib3/commit/24d7b67eac89f94e11003424bcf0d8f7b72222a8",
                                "https://github.com/urllib3/urllib3/security/advisories/GHSA-gm62-xv2j-4w53",
                                "https://linux.oracle.com/cve/CVE-2025-66418.html",
                                "https://linux.oracle.com/errata/ELSA-2026-1254.html",
                                "https://nvd.nist.gov/vuln/detail/CVE-2025-66418",
                                "https://ubuntu.com/security/notices/USN-7927-1",
                                "https://ubuntu.com/security/notices/USN-8010-1",
                                "https://www.cve.org/CVERecord?id=CVE-2025-66418",
                                "https://www.openwall.com/lists/oss-security/2025/12/05/4"
                            ],
                            "Description": "urllib3 is a user-friendly HTTP client library for Python. Starting in version 1.24 and prior to 2.6.0, the number of links in the decompression chain was unbounded allowing a malicious server to insert a virtually unlimited number of compression steps leading to high CPU usage and massive memory allocation for the decompressed data. This vulnerability is fixed in 2.6.0.",
                            "FixedVersion": "2.6.0",
                            "PkgIdentifier": {
                                "UID": "be7b7abcc995abbd",
                                "PURL": "pkg:pypi/urllib3@1.26.5"
                            },
                            "PublishedDate": "2025-12-05T16:15:51.053Z",
                            "SeveritySource": "ghsa",
                            "VendorSeverity": {
                                "nvd": 3,
                                "alma": 3,
                                "ghsa": 3,
                                "azure": 3,
                                "rocky": 3,
                                "amazon": 3,
                                "photon": 3,
                                "redhat": 3,
                                "ubuntu": 2,
                                "cbl-mariner": 3,
                                "oracle-oval": 3
                            },
                            "VulnerabilityID": "CVE-2025-66418",
                            "InstalledVersion": "1.26.5",
                            "LastModifiedDate": "2025-12-10T16:08:32.193Z"
                        },
                        {
                            "CVSS": {
                                "nvd": {
                                    "V3Score": 7.5,
                                    "V3Vector": "CVSS:3.1/AV:N/AC:L/PR:N/UI:N/S:U/C:N/I:N/A:H"
                                },
                                "ghsa": {
                                    "V40Score": 8.9,
                                    "V40Vector": "CVSS:4.0/AV:N/AC:L/AT:P/PR:N/UI:N/VC:N/VI:N/VA:H/SC:N/SI:N/SA:H"
                                },
                                "redhat": {
                                    "V3Score": 7.5,
                                    "V3Vector": "CVSS:3.1/AV:N/AC:L/PR:N/UI:N/S:U/C:N/I:N/A:H"
                                }
                            },
                            "Title": "urllib3: urllib3 Streaming API improperly handles highly compressed data",
                            "CweIDs": [
                                "CWE-409"
                            ],
                            "Status": "fixed",
                            "PkgName": "urllib3",
                            "Severity": "HIGH",
                            "DataSource": {
                                "ID": "ghsa",
                                "URL": "https://github.com/advisories?query=type%3Areviewed+ecosystem%3Apip",
                                "Name": "GitHub Security Advisory pip"
                            },
                            "PrimaryURL": "https://avd.aquasec.com/nvd/cve-2025-66471",
                            "References": [
                                "https://access.redhat.com/errata/RHSA-2026:1239",
                                "https://access.redhat.com/security/cve/CVE-2025-66471",
                                "https://bugzilla.redhat.com/2419455",
                                "https://bugzilla.redhat.com/2419467",
                                "https://bugzilla.redhat.com/2427726",
                                "https://bugzilla.redhat.com/show_bug.cgi?id=2419455",
                                "https://bugzilla.redhat.com/show_bug.cgi?id=2419467",
                                "https://bugzilla.redhat.com/show_bug.cgi?id=2427726",
                                "https://cve.mitre.org/cgi-bin/cvename.cgi?name=CVE-2025-66418",
                                "https://cve.mitre.org/cgi-bin/cvename.cgi?name=CVE-2025-66471",
                                "https://cve.mitre.org/cgi-bin/cvename.cgi?name=CVE-2026-21441",
                                "https://errata.almalinux.org/9/ALSA-2026-1239.html",
                                "https://errata.rockylinux.org/RLSA-2026:1087",
                                "https://github.com/urllib3/urllib3",
                                "https://github.com/urllib3/urllib3/commit/c19571de34c47de3a766541b041637ba5f716ed7",
                                "https://github.com/urllib3/urllib3/security/advisories/GHSA-2xpw-w6gg-jr37",
                                "https://linux.oracle.com/cve/CVE-2025-66471.html",
                                "https://linux.oracle.com/errata/ELSA-2026-1254.html",
                                "https://nvd.nist.gov/vuln/detail/CVE-2025-66471",
                                "https://ubuntu.com/security/notices/USN-7927-1",
                                "https://ubuntu.com/security/notices/USN-7927-2",
                                "https://ubuntu.com/security/notices/USN-7927-3",
                                "https://www.cve.org/CVERecord?id=CVE-2025-66471",
                                "https://www.openwall.com/lists/oss-security/2025/12/05/4"
                            ],
                            "Description": "urllib3 is a user-friendly HTTP client library for Python. Starting in version 1.0 and prior to 2.6.0, the Streaming API improperly handles highly compressed data. urllib3's streaming API is designed for the efficient handling of large HTTP responses by reading the content in chunks, rather than loading the entire response body into memory at once. When streaming a compressed response, urllib3 can perform decoding or decompression based on the HTTP Content-Encoding header (e.g., gzip, deflate, br, or zstd). The library must read compressed data from the network and decompress it until the requested chunk size is met. Any resulting decompressed data that exceeds the requested amount is held in an internal buffer for the next read operation. The decompression logic could cause urllib3 to fully decode a small amount of highly compressed data in a single operation. This can result in excessive resource consumption (high CPU usage and massive memory allocation for the decompressed data.",
                            "FixedVersion": "2.6.0",
                            "PkgIdentifier": {
                                "UID": "be7b7abcc995abbd",
                                "PURL": "pkg:pypi/urllib3@1.26.5"
                            },
                            "PublishedDate": "2025-12-05T17:16:04.4Z",
                            "SeveritySource": "ghsa",
                            "VendorSeverity": {
                                "nvd": 3,
                                "alma": 3,
                                "ghsa": 3,
                                "azure": 3,
                                "rocky": 3,
                                "amazon": 3,
                                "photon": 3,
                                "redhat": 3,
                                "ubuntu": 2,
                                "cbl-mariner": 3,
                                "oracle-oval": 3
                            },
                            "VulnerabilityID": "CVE-2025-66471",
                            "InstalledVersion": "1.26.5",
                            "LastModifiedDate": "2025-12-10T16:10:33.5Z"
                        },
                        {
                            "CVSS": {
                                "nvd": {
                                    "V3Score": 7.5,
                                    "V3Vector": "CVSS:3.1/AV:N/AC:L/PR:N/UI:N/S:U/C:N/I:N/A:H"
                                },
                                "ghsa": {
                                    "V3Score": 7.5,
                                    "V3Vector": "CVSS:3.1/AV:N/AC:L/PR:N/UI:N/S:U/C:N/I:N/A:H",
                                    "V40Score": 8.9,
                                    "V40Vector": "CVSS:4.0/AV:N/AC:L/AT:P/PR:N/UI:N/VC:N/VI:N/VA:H/SC:N/SI:N/SA:H"
                                },
                                "redhat": {
                                    "V3Score": 7.5,
                                    "V3Vector": "CVSS:3.1/AV:N/AC:L/PR:N/UI:N/S:U/C:N/I:N/A:H"
                                }
                            },
                            "Title": "urllib3: urllib3 vulnerable to decompression-bomb safeguard bypass when following HTTP redirects (streaming API)",
                            "CweIDs": [
                                "CWE-409"
                            ],
                            "Status": "fixed",
                            "PkgName": "urllib3",
                            "Severity": "HIGH",
                            "DataSource": {
                                "ID": "ghsa",
                                "URL": "https://github.com/advisories?query=type%3Areviewed+ecosystem%3Apip",
                                "Name": "GitHub Security Advisory pip"
                            },
                            "PrimaryURL": "https://avd.aquasec.com/nvd/cve-2026-21441",
                            "References": [
                                "https://access.redhat.com/errata/RHSA-2026:1239",
                                "https://access.redhat.com/security/cve/CVE-2026-21441",
                                "https://bugzilla.redhat.com/2419455",
                                "https://bugzilla.redhat.com/2419467",
                                "https://bugzilla.redhat.com/2427726",
                                "https://bugzilla.redhat.com/show_bug.cgi?id=2419455",
                                "https://bugzilla.redhat.com/show_bug.cgi?id=2419467",
                                "https://bugzilla.redhat.com/show_bug.cgi?id=2427726",
                                "https://cve.mitre.org/cgi-bin/cvename.cgi?name=CVE-2025-66418",
                                "https://cve.mitre.org/cgi-bin/cvename.cgi?name=CVE-2025-66471",
                                "https://cve.mitre.org/cgi-bin/cvename.cgi?name=CVE-2026-21441",
                                "https://errata.almalinux.org/9/ALSA-2026-1239.html",
                                "https://errata.rockylinux.org/RLSA-2026:1087",
                                "https://github.com/urllib3/urllib3",
                                "https://github.com/urllib3/urllib3/commit/8864ac407bba8607950025e0979c4c69bc7abc7b",
                                "https://github.com/urllib3/urllib3/security/advisories/GHSA-38jv-5279-wg99",
                                "https://linux.oracle.com/cve/CVE-2026-21441.html",
                                "https://linux.oracle.com/errata/ELSA-2026-1254.html",
                                "https://lists.debian.org/debian-lts-announce/2026/01/msg00017.html",
                                "https://nvd.nist.gov/vuln/detail/CVE-2026-21441",
                                "https://ubuntu.com/security/notices/USN-7955-1",
                                "https://ubuntu.com/security/notices/USN-7955-2",
                                "https://ubuntu.com/security/notices/USN-8010-1",
                                "https://www.cve.org/CVERecord?id=CVE-2026-21441"
                            ],
                            "Description": "urllib3 is an HTTP client library for Python. urllib3's streaming API is designed for the efficient handling of large HTTP responses by reading the content in chunks, rather than loading the entire response body into memory at once. urllib3 can perform decoding or decompression based on the HTTP `Content-Encoding` header (e.g., `gzip`, `deflate`, `br`, or `zstd`). When using the streaming API, the library decompresses only the necessary bytes, enabling partial content consumption. Starting in version 1.22 and prior to version 2.6.3, for HTTP redirect responses, the library would read the entire response body to drain the connection and decompress the content unnecessarily. This decompression occurred even before any read methods were called, and configured read limits did not restrict the amount of decompressed data. As a result, there was no safeguard against decompression bombs. A malicious server could exploit this to trigger excessive resource consumption on the client. Applications and libraries are affected when they stream content from untrusted sources by setting `preload_content=False` when they do not disable redirects. Users should upgrade to at least urllib3 v2.6.3, in which the library does not decode content of redirect responses when `preload_content=False`. If upgrading is not immediately possible, disable redirects by setting `redirect=False` for requests to untrusted source.",
                            "FixedVersion": "2.6.3",
                            "PkgIdentifier": {
                                "UID": "be7b7abcc995abbd",
                                "PURL": "pkg:pypi/urllib3@1.26.5"
                            },
                            "PublishedDate": "2026-01-07T22:15:44.04Z",
                            "SeveritySource": "ghsa",
                            "VendorSeverity": {
                                "nvd": 3,
                                "alma": 3,
                                "ghsa": 3,
                                "azure": 3,
                                "rocky": 3,
                                "amazon": 3,
                                "photon": 3,
                                "redhat": 3,
                                "ubuntu": 2,
                                "cbl-mariner": 3,
                                "oracle-oval": 3
                            },
                            "VulnerabilityID": "CVE-2026-21441",
                            "InstalledVersion": "1.26.5",
                            "LastModifiedDate": "2026-01-23T09:15:47.823Z"
                        },
                        {
                            "CVSS": {
                                "nvd": {
                                    "V3Score": 4.2,
                                    "V3Vector": "CVSS:3.1/AV:A/AC:H/PR:H/UI:N/S:U/C:H/I:N/A:N"
                                },
                                "ghsa": {
                                    "V3Score": 4.2,
                                    "V3Vector": "CVSS:3.1/AV:A/AC:H/PR:H/UI:N/S:U/C:H/I:N/A:N",
                                    "V40Score": 5.7,
                                    "V40Vector": "CVSS:4.0/AV:A/AC:L/AT:P/PR:H/UI:N/VC:H/VI:N/VA:N/SC:N/SI:N/SA:N"
                                },
                                "redhat": {
                                    "V3Score": 4.2,
                                    "V3Vector": "CVSS:3.1/AV:A/AC:H/PR:H/UI:N/S:U/C:H/I:N/A:N"
                                }
                            },
                            "Title": "urllib3: Request body not stripped after redirect from 303 status changes request method to GET",
                            "CweIDs": [
                                "CWE-200"
                            ],
                            "Status": "fixed",
                            "PkgName": "urllib3",
                            "Severity": "MEDIUM",
                            "DataSource": {
                                "ID": "ghsa",
                                "URL": "https://github.com/advisories?query=type%3Areviewed+ecosystem%3Apip",
                                "Name": "GitHub Security Advisory pip"
                            },
                            "PrimaryURL": "https://avd.aquasec.com/nvd/cve-2023-45803",
                            "References": [
                                "https://access.redhat.com/errata/RHSA-2024:2132",
                                "https://access.redhat.com/security/cve/CVE-2023-45803",
                                "https://bugzilla.redhat.com/2246840",
                                "https://bugzilla.redhat.com/2257028",
                                "https://bugzilla.redhat.com/2257854",
                                "https://bugzilla.redhat.com/show_bug.cgi?id=2246840",
                                "https://cve.mitre.org/cgi-bin/cvename.cgi?name=CVE-2023-45803",
                                "https://errata.almalinux.org/9/ALSA-2024-2132.html",
                                "https://errata.rockylinux.org/RLSA-2024:11238",
                                "https://github.com/pypa/advisory-database/tree/main/vulns/urllib3/PYSEC-2023-212.yaml",
                                "https://github.com/urllib3/urllib3",
                                "https://github.com/urllib3/urllib3/commit/4e50fbc5db74e32cabd5ccc1ab81fc103adfe0b3",
                                "https://github.com/urllib3/urllib3/commit/4e98d57809dacab1cbe625fddeec1a290c478ea9",
                                "https://github.com/urllib3/urllib3/commit/b594c5ceaca38e1ac215f916538fb128e3526a36",
                                "https://github.com/urllib3/urllib3/releases/tag/1.26.18",
                                "https://github.com/urllib3/urllib3/releases/tag/2.0.7",
                                "https://github.com/urllib3/urllib3/security/advisories/GHSA-g4mx-q9vg-27p4",
                                "https://linux.oracle.com/cve/CVE-2023-45803.html",
                                "https://linux.oracle.com/errata/ELSA-2024-2988.html",
                                "https://lists.debian.org/debian-lts-announce/2024/12/msg00020.html",
                                "https://lists.fedoraproject.org/archives/list/package-announce@lists.fedoraproject.org/message/4R2Y5XK3WALSR3FNAGN7JBYV2B343ZKB",
                                "https://lists.fedoraproject.org/archives/list/package-announce@lists.fedoraproject.org/message/4R2Y5XK3WALSR3FNAGN7JBYV2B343ZKB/",
                                "https://lists.fedoraproject.org/archives/list/package-announce@lists.fedoraproject.org/message/5F5CUBAN5XMEBVBZPHFITBLMJV5FIJJ5",
                                "https://lists.fedoraproject.org/archives/list/package-announce@lists.fedoraproject.org/message/5F5CUBAN5XMEBVBZPHFITBLMJV5FIJJ5/",
                                "https://lists.fedoraproject.org/archives/list/package-announce@lists.fedoraproject.org/message/PPDPLM6UUMN55ESPQWJFLLIZY4ZKCNRX",
                                "https://lists.fedoraproject.org/archives/list/package-announce@lists.fedoraproject.org/message/PPDPLM6UUMN55ESPQWJFLLIZY4ZKCNRX/",
                                "https://nvd.nist.gov/vuln/detail/CVE-2023-45803",
                                "https://ubuntu.com/security/notices/USN-6473-1",
                                "https://ubuntu.com/security/notices/USN-6473-2",
                                "https://ubuntu.com/security/notices/USN-7762-1",
                                "https://www.cve.org/CVERecord?id=CVE-2023-45803",
                                "https://www.rfc-editor.org/rfc/rfc9110.html#name-get"
                            ],
                            "Description": "urllib3 is a user-friendly HTTP client library for Python. urllib3 previously wouldn't remove the HTTP request body when an HTTP redirect response using status 301, 302, or 303 after the request had its method changed from one that could accept a request body (like `POST`) to `GET` as is required by HTTP RFCs. Although this behavior is not specified in the section for redirects, it can be inferred by piecing together information from different sections and we have observed the behavior in other major HTTP client implementations like curl and web browsers. Because the vulnerability requires a previously trusted service to become compromised in order to have an impact on confidentiality we believe the exploitability of this vulnerability is low. Additionally, many users aren't putting sensitive data in HTTP request bodies, if this is the case then this vulnerability isn't exploitable. Both of the following conditions must be true to be affected by this vulnerability: 1. Using urllib3 and submitting sensitive information in the HTTP request body (such as form data or JSON) and 2. The origin service is compromised and starts redirecting using 301, 302, or 303 to a malicious peer or the redirected-to service becomes compromised. This issue has been addressed in versions 1.26.18 and 2.0.7 and users are advised to update to resolve this issue. Users unable to update should disable redirects for services that aren't expecting to respond with redirects with `redirects=False` and disable automatic redirects with `redirects=False` and handle 301, 302, and 303 redirects manually by stripping the HTTP request body.",
                            "FixedVersion": "2.0.7, 1.26.18",
                            "PkgIdentifier": {
                                "UID": "be7b7abcc995abbd",
                                "PURL": "pkg:pypi/urllib3@1.26.5"
                            },
                            "PublishedDate": "2023-10-17T20:15:10.07Z",
                            "SeveritySource": "ghsa",
                            "VendorSeverity": {
                                "nvd": 2,
                                "alma": 2,
                                "ghsa": 2,
                                "azure": 2,
                                "rocky": 2,
                                "amazon": 2,
                                "photon": 2,
                                "redhat": 2,
                                "ubuntu": 2,
                                "cbl-mariner": 2,
                                "oracle-oval": 2
                            },
                            "VulnerabilityID": "CVE-2023-45803",
                            "InstalledVersion": "1.26.5",
                            "LastModifiedDate": "2025-11-03T22:16:28.17Z"
                        },
                        {
                            "CVSS": {
                                "nvd": {
                                    "V3Score": 6.5,
                                    "V3Vector": "CVSS:3.1/AV:N/AC:L/PR:L/UI:N/S:U/C:H/I:N/A:N"
                                },
                                "ghsa": {
                                    "V3Score": 4.4,
                                    "V3Vector": "CVSS:3.1/AV:N/AC:H/PR:H/UI:N/S:U/C:H/I:N/A:N"
                                },
                                "redhat": {
                                    "V3Score": 4.4,
                                    "V3Vector": "CVSS:3.1/AV:N/AC:H/PR:H/UI:N/S:U/C:H/I:N/A:N"
                                }
                            },
                            "Title": "urllib3: proxy-authorization request header is not stripped during cross-origin redirects",
                            "CweIDs": [
                                "CWE-669"
                            ],
                            "Status": "fixed",
                            "PkgName": "urllib3",
                            "Severity": "MEDIUM",
                            "DataSource": {
                                "ID": "ghsa",
                                "URL": "https://github.com/advisories?query=type%3Areviewed+ecosystem%3Apip",
                                "Name": "GitHub Security Advisory pip"
                            },
                            "PrimaryURL": "https://avd.aquasec.com/nvd/cve-2024-37891",
                            "References": [
                                "https://access.redhat.com/errata/RHSA-2024:9458",
                                "https://access.redhat.com/security/cve/CVE-2024-37891",
                                "https://bugzilla.redhat.com/2292788",
                                "https://bugzilla.redhat.com/show_bug.cgi?id=2292788",
                                "https://cve.mitre.org/cgi-bin/cvename.cgi?name=CVE-2024-37891",
                                "https://errata.almalinux.org/9/ALSA-2024-9458.html",
                                "https://errata.rockylinux.org/RLSA-2024:9457",
                                "https://github.com/urllib3/urllib3",
                                "https://github.com/urllib3/urllib3/commit/40b6d1605814dd1db0a46e202d6e56f2e4c9a468",
                                "https://github.com/urllib3/urllib3/commit/accff72ecc2f6cf5a76d9570198a93ac7c90270e",
                                "https://github.com/urllib3/urllib3/security/advisories/GHSA-34jh-p97f-mpxf",
                                "https://linux.oracle.com/cve/CVE-2024-37891.html",
                                "https://linux.oracle.com/errata/ELSA-2024-9458.html",
                                "https://lists.debian.org/debian-lts-announce/2024/12/msg00020.html",
                                "https://nvd.nist.gov/vuln/detail/CVE-2024-37891",
                                "https://security.netapp.com/advisory/ntap-20240822-0003",
                                "https://security.netapp.com/advisory/ntap-20240822-0003/",
                                "https://ubuntu.com/security/notices/USN-7084-1",
                                "https://ubuntu.com/security/notices/USN-7084-2",
                                "https://www.cve.org/CVERecord?id=CVE-2024-37891",
                                "https://www.vicarius.io/vsociety/posts/proxy-authorization-header-handling-vulnerability-in-urllib3-cve-2024-37891"
                            ],
                            "Description": " urllib3 is a user-friendly HTTP client library for Python. When using urllib3's proxy support with `ProxyManager`, the `Proxy-Authorization` header is only sent to the configured proxy, as expected. However, when sending HTTP requests *without* using urllib3's proxy support, it's possible to accidentally configure the `Proxy-Authorization` header even though it won't have any effect as the request is not using a forwarding proxy or a tunneling proxy. In those cases, urllib3 doesn't treat the `Proxy-Authorization` HTTP header as one carrying authentication material and thus doesn't strip the header on cross-origin redirects. Because this is a highly unlikely scenario, we believe the severity of this vulnerability is low for almost all users. Out of an abundance of caution urllib3 will automatically strip the `Proxy-Authorization` header during cross-origin redirects to avoid the small chance that users are doing this on accident. Users should use urllib3's proxy support or disable automatic redirects to achieve safe processing of the `Proxy-Authorization` header, but we still decided to strip the header by default in order to further protect users who aren't using the correct approach. We believe the number of usages affected by this advisory is low. It requires all of the following to be true to be exploited: 1. Setting the `Proxy-Authorization` header without using urllib3's built-in proxy support. 2. Not disabling HTTP redirects. 3. Either not using an HTTPS origin server or for the proxy or target origin to redirect to a malicious origin. Users are advised to update to either version 1.26.19 or version 2.2.2. Users unable to upgrade may use the `Proxy-Authorization` header with urllib3's `ProxyManager`, disable HTTP redirects using `redirects=False` when sending requests, or not user the `Proxy-Authorization` header as mitigations.",
                            "FixedVersion": "1.26.19, 2.2.2",
                            "PkgIdentifier": {
                                "UID": "be7b7abcc995abbd",
                                "PURL": "pkg:pypi/urllib3@1.26.5"
                            },
                            "PublishedDate": "2024-06-17T20:15:13.45Z",
                            "SeveritySource": "ghsa",
                            "VendorSeverity": {
                                "nvd": 2,
                                "alma": 2,
                                "ghsa": 2,
                                "azure": 2,
                                "rocky": 2,
                                "amazon": 2,
                                "redhat": 2,
                                "ubuntu": 1,
                                "cbl-mariner": 2,
                                "oracle-oval": 2
                            },
                            "VulnerabilityID": "CVE-2024-37891",
                            "InstalledVersion": "1.26.5",
                            "LastModifiedDate": "2026-01-06T16:52:28.583Z"
                        },
                        {
                            "CVSS": {
                                "nvd": {
                                    "V3Score": 6.1,
                                    "V3Vector": "CVSS:3.1/AV:N/AC:L/PR:N/UI:R/S:C/C:L/I:L/A:N"
                                },
                                "ghsa": {
                                    "V3Score": 5.3,
                                    "V3Vector": "CVSS:3.1/AV:N/AC:H/PR:L/UI:N/S:U/C:H/I:N/A:N"
                                },
                                "redhat": {
                                    "V3Score": 5.3,
                                    "V3Vector": "CVSS:3.1/AV:N/AC:H/PR:L/UI:N/S:U/C:H/I:N/A:N"
                                }
                            },
                            "Title": "urllib3: urllib3 redirects are not disabled when retries are disabled on PoolManager instantiation",
                            "CweIDs": [
                                "CWE-601"
                            ],
                            "Status": "fixed",
                            "PkgName": "urllib3",
                            "Severity": "MEDIUM",
                            "DataSource": {
                                "ID": "ghsa",
                                "URL": "https://github.com/advisories?query=type%3Areviewed+ecosystem%3Apip",
                                "Name": "GitHub Security Advisory pip"
                            },
                            "PrimaryURL": "https://avd.aquasec.com/nvd/cve-2025-50181",
                            "References": [
                                "https://access.redhat.com/security/cve/CVE-2025-50181",
                                "https://github.com/urllib3/urllib3",
                                "https://github.com/urllib3/urllib3/commit/f05b1329126d5be6de501f9d1e3e36738bc08857",
                                "https://github.com/urllib3/urllib3/releases/tag/2.5.0",
                                "https://github.com/urllib3/urllib3/security/advisories/GHSA-pq67-6m6q-mj2v",
                                "https://nvd.nist.gov/vuln/detail/CVE-2025-50181",
                                "https://ubuntu.com/security/notices/USN-7599-1",
                                "https://ubuntu.com/security/notices/USN-7599-2",
                                "https://www.cve.org/CVERecord?id=CVE-2025-50181"
                            ],
                            "Description": "urllib3 is a user-friendly HTTP client library for Python. Prior to 2.5.0, it is possible to disable redirects for all requests by instantiating a PoolManager and specifying retries in a way that disable redirects. By default, requests and botocore users are not affected. An application attempting to mitigate SSRF or open redirect vulnerabilities by disabling redirects at the PoolManager level will remain vulnerable. This issue has been patched in version 2.5.0.",
                            "FixedVersion": "2.5.0",
                            "PkgIdentifier": {
                                "UID": "be7b7abcc995abbd",
                                "PURL": "pkg:pypi/urllib3@1.26.5"
                            },
                            "PublishedDate": "2025-06-19T01:15:24.453Z",
                            "SeveritySource": "ghsa",
                            "VendorSeverity": {
                                "nvd": 2,
                                "ghsa": 2,
                                "azure": 2,
                                "amazon": 2,
                                "photon": 2,
                                "redhat": 2,
                                "ubuntu": 2,
                                "cbl-mariner": 2
                            },
                            "VulnerabilityID": "CVE-2025-50181",
                            "InstalledVersion": "1.26.5",
                            "LastModifiedDate": "2025-12-22T19:15:49.04Z"
                        }
                    ]
                }
            ],
            "Metadata": {
                "Author": "procrastinator <42376445+ihrishikesh0896@users.noreply.github.com>",
                "Branch": "main",
                "Commit": "a6d1c9cfe799384ff258a87b10ea0b2825b74804",
                "RepoURL": "https://github.com/ihrishikesh0896/vulnreach.git",
                "CommitMsg": "Delete .github/workflows/vulnreach-security.yml",
                "Committer": "GitHub <noreply@github.com>"
            },
            "CreatedAt": "2026-02-22T19:36:47.7173+05:30",
            "ArtifactName": "/Users/hrishikesh/Desktop/github_projects/vulnreach-parent/vulnreach-agent/scans/vulnreach/34da4581-ba80-4926-9210-0b9075a3a623",
            "ArtifactType": "filesystem",
            "SchemaVersion": 2
        },
        "python_reachability": {
            "summary": {
                "low_reachable": 0,
                "not_reachable": 9,
                "high_reachable": 0,
                "medium_reachable": 0,
                "analysis_timestamp": "2026-02-22T19:36:49.147285",
                "critical_reachable": 2,
                "direct_dependencies": 3,
                "total_vulnerabilities": 11,
                "transitive_dependencies": 8
            },
            "vulnerabilities": [
                {
                    "is_used": true,
                    "criticality": "CRITICAL",
                    "risk_reason": "Package has 7 direct function calls across 1 file(s) - actively used [TRANSITIVE: depth=1, required by 2 package(s)] [VERIFIED: 4 call paths from entry points]",
                    "package_name": "Flask",
                    "usage_details": {
                        "total_usages": 8,
                        "files_affected": 1,
                        "usage_contexts": [
                            {
                                "code": "from flask import Flask, request, render_template_string, jsonify",
                                "file": "test_packages/python_vuln_app/src/app.py",
                                "line": 10,
                                "type": "from_import"
                            },
                            {
                                "code": "app = Flask(__name__)",
                                "file": "test_packages/python_vuln_app/src/app.py",
                                "line": 16,
                                "type": "function_call"
                            },
                            {
                                "code": "return render_template_string(TEMPLATE)",
                                "file": "test_packages/python_vuln_app/src/app.py",
                                "line": 51,
                                "type": "function_call"
                            },
                            {
                                "code": "return jsonify({",
                                "file": "test_packages/python_vuln_app/src/app.py",
                                "line": 56,
                                "type": "function_call"
                            },
                            {
                                "code": "return jsonify(data)",
                                "file": "test_packages/python_vuln_app/src/app.py",
                                "line": 72,
                                "type": "function_call"
                            },
                            {
                                "code": "return jsonify({'error': str(e)})",
                                "file": "test_packages/python_vuln_app/src/app.py",
                                "line": 74,
                                "type": "function_call"
                            },
                            {
                                "code": "return jsonify({",
                                "file": "test_packages/python_vuln_app/src/app.py",
                                "line": 82,
                                "type": "function_call"
                            },
                            {
                                "code": "return jsonify({'error': str(e)})",
                                "file": "test_packages/python_vuln_app/src/app.py",
                                "line": 87,
                                "type": "function_call"
                            }
                        ]
                    },
                    "dependency_info": {
                        "depth": 1,
                        "is_direct": false,
                        "required_by": [
                            "flask-cors",
                            "vulnreach"
                        ]
                    },
                    "call_chain_graph": "graph TD;\n    health;\n    home;\n    request_test;\n    yaml_test;\n    classDef vulnerable fill:#ffcccc,stroke:#ff0000,stroke-width:2px;\n    classDef entry fill:#ccffcc,stroke:#00ff00,stroke-width:2px;",
                    "installed_version": "2.0.1",
                    "recommended_version": "3.1.3"
                },
                {
                    "is_used": false,
                    "criticality": "NOT_REACHABLE",
                    "risk_reason": "Package not found in codebase [TRANSITIVE: depth=1, required by 2 package(s)]",
                    "package_name": "Jinja2",
                    "usage_details": {
                        "total_usages": 0,
                        "files_affected": 0,
                        "usage_contexts": []
                    },
                    "dependency_info": {
                        "depth": 1,
                        "is_direct": false,
                        "required_by": [
                            "flask",
                            "vulnreach"
                        ]
                    },
                    "call_chain_graph": null,
                    "installed_version": "2.11.3",
                    "recommended_version": "3.1.6"
                },
                {
                    "is_used": false,
                    "criticality": "NOT_REACHABLE",
                    "risk_reason": "Package not found in codebase",
                    "package_name": "Pillow",
                    "usage_details": {
                        "total_usages": 0,
                        "files_affected": 0,
                        "usage_contexts": []
                    },
                    "dependency_info": {
                        "depth": 0,
                        "is_direct": true,
                        "required_by": []
                    },
                    "call_chain_graph": null,
                    "installed_version": "8.2.0",
                    "recommended_version": "10.3.0"
                },
                {
                    "is_used": false,
                    "criticality": "NOT_REACHABLE",
                    "risk_reason": "Package not found in codebase [TRANSITIVE: depth=1, required by 1 package(s)]",
                    "package_name": "PyJWT",
                    "usage_details": {
                        "total_usages": 0,
                        "files_affected": 0,
                        "usage_contexts": []
                    },
                    "dependency_info": {
                        "depth": 1,
                        "is_direct": false,
                        "required_by": [
                            "mcp"
                        ]
                    },
                    "call_chain_graph": null,
                    "installed_version": "1.7.1",
                    "recommended_version": "2.4.0"
                },
                {
                    "is_used": false,
                    "criticality": "NOT_REACHABLE",
                    "risk_reason": "Package not found in codebase [TRANSITIVE: depth=1, required by 2 package(s)]",
                    "package_name": "Werkzeug",
                    "usage_details": {
                        "total_usages": 0,
                        "files_affected": 0,
                        "usage_contexts": []
                    },
                    "dependency_info": {
                        "depth": 1,
                        "is_direct": false,
                        "required_by": [
                            "flask",
                            "flask-cors"
                        ]
                    },
                    "call_chain_graph": null,
                    "installed_version": "2.0.1",
                    "recommended_version": "3.1.6"
                },
                {
                    "is_used": false,
                    "criticality": "NOT_REACHABLE",
                    "risk_reason": "Package not found in codebase [TRANSITIVE: depth=1, required by 3 package(s)]",
                    "package_name": "certifi",
                    "usage_details": {
                        "total_usages": 0,
                        "files_affected": 0,
                        "usage_contexts": []
                    },
                    "dependency_info": {
                        "depth": 1,
                        "is_direct": false,
                        "required_by": [
                            "httpcore",
                            "httpx",
                            "requests"
                        ]
                    },
                    "call_chain_graph": null,
                    "installed_version": "2020.12.5",
                    "recommended_version": "2023.7.22"
                },
                {
                    "is_used": false,
                    "criticality": "NOT_REACHABLE",
                    "risk_reason": "Package not found in codebase",
                    "package_name": "cryptography",
                    "usage_details": {
                        "total_usages": 0,
                        "files_affected": 0,
                        "usage_contexts": []
                    },
                    "dependency_info": {
                        "depth": 0,
                        "is_direct": true,
                        "required_by": []
                    },
                    "call_chain_graph": null,
                    "installed_version": "3.4.8",
                    "recommended_version": "46.0.5"
                },
                {
                    "is_used": false,
                    "criticality": "NOT_REACHABLE",
                    "risk_reason": "Package not found in codebase",
                    "package_name": "lxml",
                    "usage_details": {
                        "total_usages": 0,
                        "files_affected": 0,
                        "usage_contexts": []
                    },
                    "dependency_info": {
                        "depth": 0,
                        "is_direct": true,
                        "required_by": []
                    },
                    "call_chain_graph": null,
                    "installed_version": "4.6.3",
                    "recommended_version": "4.9.1"
                },
                {
                    "is_used": false,
                    "criticality": "NOT_REACHABLE",
                    "risk_reason": "Package not found in codebase [TRANSITIVE: depth=1, required by 6 package(s)]",
                    "package_name": "numpy",
                    "usage_details": {
                        "total_usages": 0,
                        "files_affected": 0,
                        "usage_contexts": []
                    },
                    "dependency_info": {
                        "depth": 1,
                        "is_direct": false,
                        "required_by": [
                            "jax",
                            "jaxlib",
                            "jaxopt",
                            "ml-dtypes",
                            "pandas",
                            "scipy"
                        ]
                    },
                    "call_chain_graph": null,
                    "installed_version": "1.20.3",
                    "recommended_version": "1.22"
                },
                {
                    "is_used": true,
                    "criticality": "CRITICAL",
                    "risk_reason": "Package has 1 direct function calls across 1 file(s) - actively used [TRANSITIVE: depth=1, required by 5 package(s)] [VERIFIED: 1 call paths from entry points]",
                    "package_name": "requests",
                    "usage_details": {
                        "total_usages": 3,
                        "files_affected": 1,
                        "usage_contexts": [
                            {
                                "code": "import requests",
                                "file": "test_packages/python_vuln_app/src/app.py",
                                "line": 11,
                                "type": "import"
                            },
                            {
                                "code": "response = requests.get('https://httpbin.org/get', timeout=5)",
                                "file": "test_packages/python_vuln_app/src/app.py",
                                "line": 81,
                                "type": "function_call"
                            },
                            {
                                "code": "response = requests.get('https://httpbin.org/get', timeout=5)",
                                "file": "test_packages/python_vuln_app/src/app.py",
                                "line": 81,
                                "type": "attribute_access"
                            }
                        ]
                    },
                    "dependency_info": {
                        "depth": 1,
                        "is_direct": false,
                        "required_by": [
                            "google-api-core",
                            "google-cloud-bigquery",
                            "opentelemetry-exporter-otlp-proto-http",
                            "semgrep",
                            "vulnreach"
                        ]
                    },
                    "call_chain_graph": "graph TD;\n    request_test;\n    classDef vulnerable fill:#ffcccc,stroke:#ff0000,stroke-width:2px;\n    classDef entry fill:#ccffcc,stroke:#00ff00,stroke-width:2px;",
                    "installed_version": "2.25.1",
                    "recommended_version": "2.32.4"
                },
                {
                    "is_used": false,
                    "criticality": "NOT_REACHABLE",
                    "risk_reason": "Package not found in codebase [TRANSITIVE: depth=1, required by 4 package(s)]",
                    "package_name": "urllib3",
                    "usage_details": {
                        "total_usages": 0,
                        "files_affected": 0,
                        "usage_contexts": []
                    },
                    "dependency_info": {
                        "depth": 1,
                        "is_direct": false,
                        "required_by": [
                            "botocore",
                            "pypistats",
                            "requests",
                            "semgrep"
                        ]
                    },
                    "call_chain_graph": null,
                    "installed_version": "1.26.5",
                    "recommended_version": "2.6.3"
                }
            ]
        },
        "route_extractor": [
            {
                "file": "test_packages/python_vuln_app/src/app.py",
                "path": "/",
                "method": "GET",
                "prefix": null,
                "handler": "home",
                "framework": "flask"
            },
            {
                "file": "test_packages/python_vuln_app/src/app.py",
                "path": "/health",
                "method": "GET",
                "prefix": null,
                "handler": "health",
                "framework": "flask"
            },
            {
                "file": "test_packages/python_vuln_app/src/app.py",
                "path": "/yaml-test",
                "method": "GET",
                "prefix": null,
                "handler": "yaml_test",
                "framework": "flask"
            },
            {
                "file": "test_packages/python_vuln_app/src/app.py",
                "path": "/request-test",
                "method": "GET",
                "prefix": null,
                "handler": "request_test",
                "framework": "flask"
            },
            {
                "file": "test_packages/js_app/app.js",
                "path": "/",
                "method": "GET",
                "prefix": null,
                "handler": null,
                "framework": "express"
            }
        ]
    },
    "semgrep_findings": [],
    "routes": [
        {
            "method": "GET",
            "path": "/",
            "handler": "home",
            "file": "test_packages/python_vuln_app/src/app.py",
            "framework": "flask",
            "prefix": null
        },
        {
            "method": "GET",
            "path": "/health",
            "handler": "health",
            "file": "test_packages/python_vuln_app/src/app.py",
            "framework": "flask",
            "prefix": null
        },
        {
            "method": "GET",
            "path": "/yaml-test",
            "handler": "yaml_test",
            "file": "test_packages/python_vuln_app/src/app.py",
            "framework": "flask",
            "prefix": null
        },
        {
            "method": "GET",
            "path": "/request-test",
            "handler": "request_test",
            "file": "test_packages/python_vuln_app/src/app.py",
            "framework": "flask",
            "prefix": null
        },
        {
            "method": "GET",
            "path": "/",
            "handler": null,
            "file": "test_packages/js_app/app.js",
            "framework": "express",
            "prefix": null
        }
    ]
}